1-tsne,2-tsne,pitcher_id,pitcher
-6.1093836,-47.656727,0,532077
16.05144,44.406803,1,519141
-37.794224,33.113556,2,607352
44.538975,-19.399574,3,446399
-9.054978,1.371493,4,446899
-4.414487,6.110522,5,592717
0.67804134,16.301819,6,598264
-21.068792,-3.2034278,7,543726
6.737469,12.639542,8,592390
-31.123005,29.788086,9,456034
8.132912,-34.5067,10,541640
6.05081,13.281246,11,489294
-14.816454,-13.211355,12,517008
-24.767242,-8.380068,13,605309
-9.869569,-7.213347,14,543144
1.0397288,-40.769867,15,502202
21.063253,-26.471819,16,516714
-28.497414,-27.975603,17,543195
-39.074352,23.67183,18,518617
18.011139,-37.89796,19,502026
-17.287945,-13.089446,20,623439
8.317242,27.712595,21,600917
2.3308651,-36.592796,22,595032
43.32521,-17.61801,23,527048
-5.6669064,-21.009422,24,543272
16.282757,31.747746,25,543339
23.767931,23.675724,26,517414
16.825659,9.224033,27,453344
23.13291,-19.187061,28,611093
12.221431,-11.038438,29,643355
-3.5747695,-1.9920952,30,518560
24.860735,32.587276,31,571863
-12.189544,24.015352,32,518883
14.113501,0.8009994,33,592866
-34.28467,1.858389,34,453281
-5.540618,-24.683771,35,504379
-1.6150452,19.812035,36,455009
25.490473,8.339473,37,453172
-9.081172,41.652184,38,455374
-4.883963,0.3352941,39,425794
32.787067,-18.102747,40,285064
4.963986,-0.26423833,41,446099
-0.17203699,29.094917,42,656186
33.101627,-29.655474,43,543056
16.45565,-39.141888,44,491708
23.026068,-17.069332,45,521230
4.318968,22.921957,46,592533
-1.410572,-45.0659,47,640455
-37.443394,-10.939029,48,519381
-9.227717,44.4671,49,433587
-36.48917,3.315084,50,593576
10.453314,-22.635588,51,449104
21.934196,8.36621,52,570257
-3.258338,-4.5992227,53,592527
13.435636,-22.415092,54,572831
17.920048,-30.05924,55,592340
8.798359,31.057251,56,605396
-37.926388,13.2834215,57,519294
-14.486104,18.462826,58,595191
21.473066,5.871298,59,460283
1.9628253,28.491365,60,593679
18.881836,-28.331406,61,445213
-24.354025,-2.5843859,62,571476
8.379665,-4.9084797,63,573124
14.567334,-25.66963,64,545363
16.786116,21.885439,65,592872
11.484577,2.6471088,66,594951
22.520714,28.714054,67,573668
41.006966,-11.032939,68,621244
21.826563,10.529479,69,519242
26.000076,5.779109,70,608349
-19.752129,-36.857563,71,543734
-10.131251,-24.746737,72,592804
20.670238,-14.734562,73,448614
35.454025,13.155313,74,502522
-36.14179,21.71886,75,608032
-13.088097,2.7281048,76,430641
2.209568,21.481354,77,571539
34.6828,11.569862,78,608566
-4.446601,24.219465,79,501697
4.350259,21.373655,80,543746
1.2973409,1.7911357,81,572788
-23.990093,5.666646,82,453343
-20.287655,-14.170066,83,628333
-13.722807,31.858393,84,623395
-5.4729676,-25.548134,85,519301
44.918488,19.776798,86,625643
-11.3351965,27.154188,87,543017
-25.634048,33.35459,88,424144
-4.263405,11.866696,89,596331
-16.646057,-26.795292,90,641627
3.9407294,-14.067459,91,592169
-35.642494,5.2533445,92,453286
-40.23139,9.132719,93,592593
14.431552,-7.53637,94,543408
27.656336,33.65278,95,489265
4.240184,27.05984,96,430599
-29.05367,24.61128,97,519043
-38.208168,-0.54621005,98,520980
-27.056467,-9.407819,99,594795
14.32232,10.463433,100,622072
4.618277,-12.434495,101,451661
16.626541,-34.448227,102,501593
-24.75545,17.293074,103,628317
18.386723,19.276585,104,457732
7.7065864,37.162846,105,448609
43.338573,0.28844392,106,500724
-19.132542,-30.35997,107,594311
35.956238,21.97154,108,468504
-32.445366,10.213661,109,502087
-7.9795494,-22.008596,110,624586
34.136936,24.358107,111,572086
36.472034,-8.194775,112,462382
-27.85311,12.58983,113,541652
44.023895,-13.408378,114,542432
-41.65481,5.387427,115,434378
-5.3375607,43.62674,116,527054
-6.531546,12.062657,117,592102
-5.109326,-31.292313,118,451584
5.9241195,33.00426,119,453192
10.088824,14.894511,120,458708
-5.30741,-30.260208,121,465657
19.889215,-8.885882,122,453178
-28.217453,21.566795,123,605218
11.823592,47.876736,124,628452
3.5628037,36.530518,125,518748
-15.627802,-5.202842,126,475243
-17.79369,1.0941857,127,502028
-11.753231,25.276093,128,501925
-34.0746,-21.402328,129,456027
-42.705738,-8.744471,130,593974
17.424725,24.375546,131,543557
-21.168056,-8.612741,132,471822
40.358887,10.832558,133,543294
-14.757895,-9.943482,134,596112
31.210142,-20.687475,135,502154
-0.32568,-3.4880776,136,542947
10.290354,11.814766,137,592332
-20.479803,20.47798,138,476589
23.616106,3.3253832,139,453284
3.9634805,10.925158,140,518927
23.14914,-11.851538,141,570666
10.500847,9.32027,142,518886
41.422527,5.5193076,143,276351
-35.15498,9.711896,144,523260
27.457273,10.238099,145,457918
33.972416,-18.715456,146,593958
4.126243,-0.72298384,147,502706
-3.0635004,-27.846016,148,592222
21.071503,20.599636,149,407890
0.8090348,-26.84296,150,543606
-0.81622475,26.6597,151,599998
34.916176,22.324764,152,643327
26.938704,-6.1349144,153,534812
8.091306,-36.957977,154,605151
11.584598,29.720453,155,523848
20.387995,10.732093,156,453385
-14.770963,39.93977,157,493200
-17.98682,-4.5132866,158,553878
34.400665,27.452888,159,543779
17.048033,9.547467,160,641771
-10.168432,7.3800635,161,621199
13.229973,-5.562058,162,572096
-34.395893,-1.6959435,163,462515
-8.7796,15.489952,164,608379
6.724224,14.672894,165,425492
29.148546,14.680728,166,621242
19.787685,0.30581522,167,623430
32.309036,-15.764046,168,518553
-26.032442,-32.370827,169,448281
-40.29447,-20.284378,170,519267
-13.477965,-36.56077,171,543883
21.86054,-17.80359,172,573064
-18.089087,19.903229,173,605194
-27.776474,-6.409765,174,519322
27.189589,-14.835515,175,547874
-31.672998,14.376949,176,544727
-23.645119,29.75654,177,592665
13.624604,-32.18888,178,477569
-22.02497,20.66197,179,456696
28.009945,-12.969625,180,570663
-10.917731,-5.572635,181,572119
27.425764,5.6629424,182,112526
-33.17828,12.32432,183,497807
6.634116,-31.592182,184,607309
-5.272615,3.9513335,185,573589
26.761219,-28.509655,186,608638
-47.38516,6.111662,187,542953
-21.986895,-30.439943,188,502327
-21.27603,26.506432,189,448306
-1.7078117,5.822205,190,606930
3.131545,13.796246,191,493603
5.972761,25.218971,192,543475
-26.688925,-3.08634,193,572750
-29.405895,-23.746902,194,503449
22.98281,7.768428,195,656546
-9.446068,-14.686562,196,475479
1.0053785,-6.896357,197,519240
11.531654,-13.123635,198,518875
19.246046,-5.4034896,199,407845
9.436775,-25.17025,200,430661
-8.823955,21.101402,201,595014
1.2156148,-19.42502,202,543699
-8.601177,38.004486,203,612672
-9.417533,33.54129,204,445276
-8.441332,5.9686546,205,621389
32.33801,8.001241,206,477132
22.91529,-23.983448,207,571704
3.8540003,28.880423,208,519085
-15.796923,3.2368202,209,543521
35.323605,-17.598385,210,474284
-2.2781737,2.726224,211,501625
40.775158,21.805338,212,500610
30.405853,8.702286,213,592091
5.661427,32.98263,214,573046
-7.0017424,-54.407536,215,572140
8.224405,21.73346,216,458677
-6.096771,7.147738,217,475054
-14.778336,-22.967361,218,606291
-5.2104807,-30.715868,219,594986
-23.484755,-22.716284,220,572888
28.964853,36.002884,221,594760
-13.628984,-4.877514,222,543935
2.4496002,45.059116,223,519455
30.760191,-11.036879,224,572044
-5.304846,-0.11854953,225,641838
21.068989,-27.614014,226,621381
25.551176,17.835926,227,605182
3.4848163,20.90914,228,453249
29.151894,-26.304787,229,545333
11.201701,30.346407,230,518397
6.9794273,29.782902,231,450172
11.88555,-27.991306,232,547973
0.11723288,2.9365435,233,547179
12.532935,36.022507,234,444468
25.55857,-9.048007,235,467008
23.145756,3.533204,236,452657
-17.124632,22.952906,237,534947
10.354378,-22.831976,238,476454
-19.508049,11.900396,239,543118
-14.004014,-22.389763,240,542960
-35.988373,11.929747,241,643354
3.3807335,33.7093,242,461325
0.53477585,31.039352,243,571710
44.541138,4.5734468,244,489119
4.295888,-0.8395233,245,489446
5.745343,-15.181892,246,656547
39.226604,-23.265133,247,622663
3.1836953,-43.374065,248,572193
-0.37728065,-25.123417,249,571901
-2.9839344,-21.11638,250,493157
14.500879,16.747139,251,519144
40.714703,-1.2366389,252,462136
-9.207042,-21.191273,253,473879
16.958084,-16.42614,254,544836
25.878897,-22.697226,255,456713
8.051895,37.683834,256,501817
7.2783594,-3.9921458,257,476123
40.352894,-1.4181647,258,542882
-11.148739,31.388828,259,506433
28.070328,26.28675,260,571578
-10.590437,-29.273895,261,594857
-32.004658,28.875734,262,429719
19.450495,-8.395965,263,640463
0.66918033,11.202162,264,571800
42.959328,3.1928954,265,452061
-34.569267,-30.839643,266,593372
-17.690434,1.9313273,267,607192
-4.522342,-28.269922,268,594943
-27.112608,8.271178,269,592836
-6.760314,9.009603,270,593417
-10.418534,42.232628,271,472610
-2.195884,37.37235,272,594742
-5.738272,29.423326,273,607229
-14.04192,-22.870064,274,592454
25.37727,14.230017,275,518858
-0.8755486,13.971968,276,572990
6.9121146,10.045996,277,534737
14.31349,-36.341923,278,607074
-39.754772,-21.187637,279,608648
25.598503,14.48679,280,518452
-6.0008936,-53.767033,281,608718
15.832644,27.014515,282,573109
20.791973,-8.905553,283,430634
8.575477,0.7626078,284,514669
-24.82028,15.231785,285,445197
-13.910256,19.064749,286,488768
4.7129436,23.511324,287,502009
5.460747,3.2515376,288,595918
-33.475887,22.443737,289,433586
-13.901906,3.2549536,290,488786
11.226953,-6.8512464,291,434442
0.4353006,-0.89482105,292,571882
-12.834515,-7.543876,293,518516
-13.744775,-29.312143,294,502051
-30.878836,-6.1521215,295,435221
19.295288,-30.532633,296,448179
24.630163,1.3486006,297,643297
5.587783,-37.14809,298,600944
-32.635677,6.5383615,299,572308
28.772821,-28.724007,300,642229
-10.104146,45.367294,301,502748
-28.049458,-4.0515056,302,408061
37.411804,-7.843764,303,607231
31.036581,-3.2410746,304,592433
16.826717,-37.963146,305,596057
-18.648987,7.020444,306,594792
-8.134554,0.052384205,307,503444
-26.745584,20.652807,308,605538
7.0517416,-24.184134,309,543766
-10.59933,-30.979168,310,543169
2.5555885,-26.195843,311,519096
1.7720156,11.541843,312,570649
20.255676,14.452133,313,607320
8.584771,14.040168,314,543483
-47.598007,-8.144948,315,593582
-8.797759,-9.580822,316,571561
-35.71592,-3.4454594,317,502239
-37.686695,-16.336515,318,595001
-11.077048,-41.34508,319,594772
-13.61499,20.66609,320,592869
-24.014704,34.904087,321,621294
-21.564465,-5.496358,322,503285
18.389755,0.2670749,323,592741
16.962788,43.291138,324,488846
3.5929167,-16.754644,325,461872
21.752405,-0.030011117,326,451596
-8.684261,30.065233,327,572021
-21.257887,27.651302,328,501381
-1.0559199,31.117586,329,502042
45.501156,-18.900946,330,543359
14.330376,-46.833416,331,500779
11.331154,33.647957,332,491646
-48.704792,-1.7299026,333,571871
11.672196,6.6067123,334,518567
18.795702,15.552849,335,476451
31.100286,-15.254042,336,608665
15.033879,16.60776,337,664641
-39.749153,8.754463,338,516969
8.959845,-13.262515,339,543859
-6.9256635,-45.19315,340,432934
3.0200367,-33.51091,341,502043
23.373886,7.3552246,342,518633
7.7390947,21.200823,343,571893
-15.759479,8.327315,344,607727
-23.516966,-5.585309,345,474463
-44.349926,11.065574,346,600526
-15.40535,-36.875443,347,543184
17.069817,37.83759,348,445926
-6.770074,12.507374,349,628711
28.580872,14.923634,350,435400
-16.708303,-38.813145,351,459429
-47.88617,-12.435619,352,519326
-14.12752,-36.36537,353,425657
23.339108,36.96374,354,456501
-1.6009278,14.538666,355,592351
2.4888701,9.165356,356,435043
1.4714686,-30.493378,357,573185
0.5544267,-40.51584,358,621052
-13.844203,40.895203,359,467100
-30.962133,21.010706,360,642239
-37.288006,-16.94355,361,598287
-23.637293,28.470263,362,282332
-40.56989,0.8263804,363,547749
-19.648888,-0.16711235,364,582494
-23.812574,8.051259,365,596064
9.900342,11.866285,366,573186
-19.811161,23.336678,367,434622
16.505198,2.5830576,368,592662
8.105293,-40.179993,369,605452
-1.0305444,1.0220181,370,502085
26.895046,-27.230118,371,456068
7.827778,-40.754486,372,605483
3.105736,-12.891677,373,452666
-11.797549,16.675512,374,450212
-15.397538,-25.310843,375,501789
-31.386597,12.6349,376,572020
26.972103,13.125785,377,450729
3.8442934,-44.91164,378,605388
34.329666,-1.7964462,379,592314
-9.5615225,9.83636,380,434672
-6.8403387,20.925312,381,446321
-18.657578,20.151846,382,543542
16.523209,32.977592,383,543243
27.918907,18.489368,384,607625
26.57086,21.379654,385,570632
-19.405994,-15.707883,386,493247
-20.508718,32.876938,387,429722
34.619114,-9.988285,388,450306
26.489374,18.731234,389,430935
3.8350778,-45.082756,390,502624
6.4334197,-8.823522,391,543506
-11.592048,-22.243605,392,548389
-6.459223,-51.84669,393,571473
18.891363,0.0120916935,394,606131
-17.688501,12.695794,395,592254
18.052832,-12.899064,396,457429
-2.6868308,-18.18494,397,519293
12.108932,-19.679365,398,543022
-16.63501,-37.48365,399,595345
7.885547,-16.853186,400,502188
-31.243933,-3.4440358,401,571572
-34.857136,20.036392,402,543278
24.72474,-10.988064,403,605242
-16.810238,2.2956905,404,594736
-4.7168865,-14.828983,405,502083
-11.491387,21.76122,406,543101
-8.513993,-11.196057,407,502190
16.070988,2.015882,408,453265
-13.895761,-16.588997,409,592791
-42.198032,1.1169543,410,453562
9.192213,-16.699865,411,571951
-5.223114,-17.435394,412,453329
-6.7200265,38.435467,413,434538
-6.9544687,38.64504,414,501957
10.794468,-36.91348,415,571946
25.674223,-4.3847165,416,279571
-20.667793,17.719414,417,461829
12.870135,-8.953447,418,458006
32.634125,12.651593,419,445968
-7.87712,-34.08633,420,544993
1.8533229,-9.830877,421,502171
-6.5466685,-2.270031,422,606965
11.552371,31.443504,423,571666
12.586174,11.22541,424,605894
9.089773,-20.657152,425,592614
-31.894815,-9.486269,426,445060
3.697412,30.314625,427,596043
26.177004,7.8386393,428,592789
-6.613118,15.381639,429,543548
-12.304654,-31.314901,430,519151
30.699366,12.337128,431,519076
-26.996008,0.33162874,432,456167
-29.142653,5.480804,433,592779
-13.718071,4.01465,434,592612
44.008736,-24.382696,435,548357
-15.048232,-7.2386603,436,150274
18.370153,13.691567,437,542866
-31.031244,14.63162,438,592644
-8.824857,27.47528,439,542888
-9.910946,25.417486,440,592330
-10.994706,32.018368,441,572102
-5.638066,28.577404,442,570240
-30.33191,30.077856,443,407793
33.629005,-17.602928,444,488984
11.334897,12.973117,445,542609
-29.202017,35.120552,446,448178
-12.935407,-1.7832379,447,592767
-22.193487,16.74801,448,502381
32.93315,-3.9433365,449,450308
42.75519,-16.603725,450,592130
20.722467,-5.186146,451,607457
-10.22936,4.7038736,452,606160
-19.030905,-4.0715857,453,543045
-23.566744,-35.0507,454,490063
11.060177,39.185795,455,571656
-28.626223,-9.905951,456,446372
32.427204,-5.7705398,457,425532
35.425835,-5.978456,458,592815
-31.22556,11.627389,459,594577
-14.06266,25.866661,460,596133
15.206715,24.74364,461,448802
26.965282,7.936749,462,457435
-23.30269,-12.735228,463,643230
16.401583,-13.850146,464,608337
38.217453,19.715614,465,546276
-29.894926,-5.7254553,466,433589
4.6193714,20.117172,467,606983
22.204348,42.33844,468,594840
25.361938,1.8390701,469,605226
2.6455781,9.629333,470,607259
30.56158,17.73464,471,518715
-29.450258,-23.798637,472,502004
0.23990993,18.781826,473,622097
0.68531275,16.650143,474,276542
3.7597878,27.269651,475,605397
-20.13923,10.85991,476,518716
29.933025,13.914966,477,460059
16.996948,3.0633981,478,434671
-26.175926,-25.091503,479,571510
-13.290395,-31.724949,480,542881
16.923632,-31.61034,481,605232
5.3798575,16.741772,482,472551
19.947727,7.1154795,483,605164
-36.352154,10.501878,484,502046
19.446686,0.18011083,485,607359
-3.5974832,-2.1985364,486,434628
0.7801108,-27.402258,487,453646
11.970838,39.875214,488,543054
-14.444084,-31.113335,489,543219
34.34866,13.208595,490,518468
-33.14768,28.70849,491,543380
17.716549,-26.20077,492,641490
7.5853777,33.339714,493,605152
21.923264,-8.252697,494,608678
13.653773,-21.926207,495,452027
-27.020752,-12.128463,496,519186
2.418038,22.98747,497,544150
-12.460791,35.185104,498,548337
-23.735275,9.543309,499,593140
24.431189,7.8007045,500,450275
19.967773,23.927408,501,431148
13.404861,-15.46,502,605200
31.386736,-8.1125765,503,591693
10.2769575,13.262091,504,474699
23.554071,12.13229,505,621295
26.470833,-28.64372,506,285079
26.486229,-19.00424,507,408241
-3.5776708,-21.269897,508,430912
11.443852,-18.931793,509,547888
-12.916406,14.119264,510,519168
-35.25594,24.26083,511,544930
-14.292132,40.363297,512,605541
-4.391326,33.86065,513,543901
-15.528098,26.865326,514,545332
27.3324,25.529531,515,425844
-22.296589,25.543865,516,605228
-17.919046,-18.260622,517,444857
33.92102,-12.855859,518,543716
3.825877,-29.427517,519,407822
-30.574396,-12.882296,520,594985
6.6135054,-0.3386632,521,488748
40.26638,-5.9273677,522,593969
-9.928441,-49.652866,523,623406
-1.1748391,-34.930237,524,544759
-16.116304,-27.45905,525,502032
7.4228015,-0.118533954,526,519437
-15.769205,33.431488,527,622795
-36.200363,17.753914,528,471911
19.345755,-6.0916595,529,573009
24.71453,-13.563526,530,621219
-1.9415365,-16.98421,531,605525
43.947002,-14.170227,532,571616
25.821152,-18.86247,533,448855
-13.3898325,-40.863895,534,523989
-6.7580667,-30.042984,535,605222
0.06580486,11.519798,536,430589
2.7741094,-7.909964,537,543037
-47.42523,-2.997016,538,554234
40.948025,-11.2559395,539,543507
34.19681,-15.377404,540,517593
15.190866,42.470383,541,571911
14.39508,3.358638,542,544931
-22.282427,-23.181921,543,430580
-19.230507,-8.346624,544,517629
-9.306638,7.1632013,545,533167
22.719387,22.146152,546,502272
19.625603,29.509262,547,491703
10.286317,23.97033,548,592826
-35.39483,8.210742,549,580792
-18.46192,6.5386777,550,643338
-32.678802,-0.95522034,551,592811
-34.97729,-6.9604464,552,594798
44.686214,-7.4127703,553,453214
-11.654418,-17.911583,554,519263
-7.825233,16.301962,555,425426
2.493719,-24.084423,556,458584
15.8819065,-23.737474,557,456701
-32.23188,21.416267,558,572971
33.313198,-26.958916,559,460269
-30.826725,-5.3859854,560,553883
-39.65313,14.788518,561,519008
20.322006,-21.015802,562,573188
0.86584115,-12.934091,563,446185
-3.1376557,9.0739355,564,543964
-4.132331,-47.18551,565,592170
29.00701,-6.3799586,566,527055
-3.9636452,18.056545,567,572283
20.80604,-14.679486,568,477003
-1.5183568,-45.7,569,547007
16.631498,-25.685617,570,534627
36.106754,-4.190882,571,606167
31.877796,-19.33678,572,475247
10.717005,-14.806176,573,623184
-10.479025,-4.565987,574,643603
-23.494505,24.808067,575,592422
30.490568,0.20409581,576,447714
-9.123947,-28.16327,577,449173
25.759884,14.671338,578,542587
38.03356,7.6875725,579,571670
-28.8299,-10.944266,580,571927
-8.489495,-15.103848,581,642003
22.17867,29.865417,582,606273
17.144527,-22.056015,583,429400
-2.2850885,7.5113044,584,595307
7.9059157,-13.615514,585,543921
16.036003,12.104203,586,599683
39.535606,-12.224398,587,500871
-0.7907912,9.002032,588,608334
44.520134,25.684828,589,433584
-11.485216,40.926445,590,543135
33.108776,-28.362452,591,542674
-14.595367,-26.100342,592,621107
-25.438824,-12.184331,593,489197
-11.047769,14.148508,594,449097
-38.68724,-6.105623,595,592341
-35.25905,26.07509,596,605359
-1.7977583,2.9419932,597,453311
4.6178184,-5.4722123,598,592127
1.1540546,-16.569355,599,596049
-19.03204,27.485363,600,534910
-7.7300344,3.1661186,601,592135
-12.130604,-23.354504,602,621121
-27.553688,16.555084,603,407819
-13.221717,18.877594,604,543698
-5.6702833,7.040324,605,451085
29.624434,36.50639,606,434718
-27.962278,13.458225,607,462985
-27.230484,-18.238684,608,544928
-31.50372,5.2773,609,607067
-16.701773,-32.11382,610,621408
34.532,-3.0130377,611,596143
44.8156,18.208601,612,501992
7.4807606,-24.453201,613,451783
-38.51461,18.641315,614,657205
15.634476,41.19644,615,605400
17.106194,19.09633,616,474521
-16.939045,29.36884,617,460024
8.232332,-12.285242,618,621385
-24.033854,-41.40584,619,346798
-6.274752,-23.765635,620,501822
8.83143,-19.756367,621,607374
-39.06388,0.58716667,622,519166
-4.230438,20.845087,623,543424
-13.76941,-41.254414,624,543334
33.669506,-21.44846,625,459987
9.512363,36.73972,626,457711
12.053233,33.035267,627,458730
31.32988,14.306102,628,516910
16.072975,-23.186985,629,547943
-38.59701,29.28362,630,592419
0.92921585,-34.87281,631,592346
-10.877747,-41.47168,632,407908
2.654978,-25.775024,633,607706
13.803216,27.40359,634,518774
-0.8743302,-20.69856,635,605177
-15.211582,11.000736,636,451775
11.831302,-2.448958,637,452733
-41.454647,15.167999,638,501955
-6.703033,-36.967556,639,471083
19.793736,-17.054264,640,592407
46.001873,5.811873,641,592426
6.981575,3.6804824,642,534606
-11.233449,-24.480656,643,571969
20.502153,22.238853,644,543391
-29.393675,18.901499,645,600301
-1.0492462,-46.206257,646,446381
-10.193061,25.518663,647,572365
-17.778414,9.796381,648,608717
15.301144,21.133116,649,545357
23.868582,-25.539394,650,457456
-34.260777,-12.466524,651,456071
-17.603447,-9.442259,652,543331
19.677414,26.237179,653,605304
-41.25168,7.0132856,654,444436
4.8088174,-3.6343071,655,468396
-5.4537873,42.613354,656,615868
-35.35083,21.334557,657,571035
12.408941,23.195522,658,425856
-36.858852,33.878452,659,460077
24.932777,-11.587183,660,572208
-18.417877,-15.390386,661,474668
-11.343651,24.089144,662,543456
14.9436655,-27.400108,663,519344
-43.018963,18.66845,664,612434
18.564493,22.161629,665,456124
5.1342998,-28.501616,666,504083
12.329607,14.528104,667,517448
-38.25016,19.496058,668,608167
21.509293,-3.8918774,669,474029
18.148764,34.080544,670,643325
29.88251,10.189033,671,592716
-24.727808,-6.445311,672,502211
13.8908,-47.370808,673,461865
16.467014,29.0726,674,458537
-19.115114,-9.228113,675,500765
33.46987,0.6668687,676,456379
-14.736687,-10.2192745,677,571963
-14.92612,1.1047232,678,489002
-12.187932,22.451893,679,539438
1.2039515,13.020033,680,542194
27.154501,-0.490129,681,641501
-5.8218236,4.1119604,682,453307
6.370434,33.12573,683,461833
23.411732,-36.946236,684,543776
23.364454,10.368434,685,657670
8.69184,30.403515,686,621209
-33.281143,12.752836,687,457915
-12.6780405,-26.186632,688,595235
3.5556767,-41.008224,689,502285
32.450638,4.902653,690,506560
-49.464825,-6.734085,691,570714
12.996941,-4.053931,692,571584
-12.302469,25.378723,693,425626
-7.738646,-33.20864,694,457768
-32.875465,31.980518,695,572403
18.947382,-33.031456,696,447755
37.218494,-8.105297,697,425835
24.58783,9.823875,698,514913
15.786803,45.196938,699,594027
18.579464,-31.2057,700,542884
23.290451,18.681812,701,643550
30.068195,-19.70277,702,502457
-7.264023,14.173828,703,572309
19.04569,-19.906458,704,515052
-12.084411,-19.593773,705,605476
16.519564,6.9330025,706,453222
43.029533,0.020862134,707,444520
-9.107515,-10.888233,708,450665
-15.507342,43.324173,709,457779
5.200999,-26.269138,710,572033
-3.6329024,40.584087,711,476570
-21.238024,0.93222845,712,543242
-4.8531623,-13.49958,713,572070
-6.5856376,-40.1547,714,502593
-14.250582,9.47171,715,458678
-0.09986634,-4.1913958,716,648737
-6.5191445,30.302492,717,605135
-3.9578173,-11.875941,718,518693
20.269836,41.70081,719,543900
25.722977,-0.8461569,720,433579
19.190905,-1.1700718,721,621281
-30.233488,-11.03586,722,450203
-3.2188337,0.059988577,723,554340
3.2761154,-25.389484,724,543532
-26.530983,-34.315403,725,572038
1.9080573,-9.898835,726,460701
-32.584045,0.65239096,727,429780
12.890761,26.089796,728,543261
6.2966814,16.588737,729,571735
39.38873,20.758413,730,518790
-5.1468153,-42.130287,731,572362
-28.848782,-6.1315784,732,501936
-14.901205,6.630849,733,621397
-0.06718674,-0.08948186,734,434137
-46.41037,-12.093465,735,595465
30.46585,5.376309,736,450282
-35.187603,24.10228,737,504186
-26.710443,32.516506,738,475138
-7.5855184,10.5035925,739,571760
-13.979962,-32.19607,740,516414
-46.036633,-8.604163,741,475115
-21.707838,-36.899734,742,608698
15.786615,7.30612,743,542225
37.85217,-8.874604,744,542326
35.402126,4.0260324,745,592677
-26.108362,4.803666,746,531565
39.767128,-11.957619,747,476595
1.368429,-22.351881,748,593334
-29.46814,-3.9653172,749,608601
21.45762,31.633827,750,656756
43.29216,-18.67959,751,596271
-24.941532,-1.9668851,752,664208
-41.985775,1.7699854,753,657681
-44.366188,-12.502506,754,502130
34.25081,-8.960077,755,596720
25.424494,-13.896189,756,613534
16.84127,30.995161,757,650828
-44.49005,-6.86693,758,605333
-9.53535,12.266704,759,605795
21.28238,-1.2759206,760,643320
33.382885,-12.70419,761,605441
33.92831,21.479496,762,621094
-4.237023,39.51772,763,571948
-43.72114,-4.858084,764,644364
-31.490385,32.93247,765,641850
-27.004116,-24.295263,766,601713
44.49731,0.48516518,767,623167
-5.7597675,26.420439,768,592865
41.665565,-3.2837577,769,645261
-2.6906738,-7.79293,770,658792
-24.130354,-1.0760661,771,605154
4.302408,7.201649,772,656427
10.930866,5.9762406,773,621111
-0.18054137,-11.369223,774,622608
5.0842247,16.723612,775,487675
-38.360428,11.710141,776,607536
-9.948466,41.81291,777,642564
28.496471,19.345196,778,594056
26.259092,32.294907,779,519443
-20.174728,-25.894117,780,584171
-11.332032,7.0402975,781,622382
7.4092298,-4.016969,782,641729
-12.347226,-15.755869,783,596027
11.220049,38.886642,784,594992
-15.68673,43.429745,785,608652
3.0206785,-16.30475,786,592547
-11.139185,-14.252295,787,605240
26.243341,-22.014647,788,458690
10.851898,19.981506,789,621345
-30.962439,-14.440861,790,608331
-29.38182,-14.633966,791,607215
16.01526,15.083052,792,543208
-29.568186,-15.213575,793,607455
1.069944,-14.712626,794,641835
24.328583,39.08846,795,570702
-24.938248,33.68363,796,641941
22.749832,-1.1188606,797,641871
3.2948644,18.62148,798,489334
-8.085795,2.438073,799,606625
28.47858,5.329134,800,502179
-4.864102,-39.138927,801,572728
5.0639076,-9.453636,802,600965
-1.3985441,-13.75859,803,594580
35.25412,-4.427978,804,501563
46.70984,6.695067,805,605254
8.4204645,22.2332,806,642008
-32.80667,5.3790073,807,623149
-37.97705,-9.810248,808,607473
-22.3482,-21.96175,809,506693
-27.583397,28.501642,810,623352
-13.107116,10.273885,811,595411
39.55095,20.78511,812,518813
10.548519,33.375618,813,595928
-13.779604,-1.6506883,814,518445
-14.535668,-5.7668614,815,642083
-21.702051,5.7685337,816,622492
-34.804214,11.769231,817,554374
3.3190584,10.362121,818,592879
-9.795032,-16.216106,819,623451
27.039557,-20.818733,820,500872
-5.8205748,35.56229,821,607481
44.063118,-24.272234,822,622217
5.776028,-24.74326,823,608371
19.757011,23.84746,824,501985
21.175102,2.0094001,825,596001
2.79969,17.649961,826,622161
2.1788127,44.864475,827,594835
2.778037,-42.091003,828,543508
-16.493874,-0.31041524,829,605195
-27.26305,-1.4627538,830,622766
0.34239215,-38.34637,831,594902
-5.7518373,-0.11946777,832,572998
10.077721,-41.713055,833,622505
7.1257977,39.04128,834,657610
3.0129461,-1.9512901,835,607237
-22.68888,-24.915915,836,571787
-22.655554,6.6544266,837,642231
-4.5555906,-33.756153,838,552640
-16.301613,5.7944226,839,592773
39.51356,17.663887,840,606424
-31.288881,12.742602,841,627894
2.1230776,-28.875471,842,606149
12.987773,0.36657837,843,621237
-22.606138,-20.911459,844,629496
14.31197,-5.1347666,845,607188
-21.464857,25.701551,846,543867
9.19212,-1.3411503,847,641427
-48.44654,-1.9155875,848,592229
0.37316045,30.870398,849,545348
-14.077324,36.452553,850,607219
-38.689674,4.4176674,851,627500
5.0904055,5.939465,852,458681
-6.2612824,15.872822,853,571521
23.553375,-39.39493,854,608716
-41.83675,6.298116,855,596071
-0.19169115,-31.060911,856,643410
8.8884945,23.437101,857,635903
-10.907531,-3.949695,858,502212
13.338148,-16.167784,859,623913
-22.625172,8.096838,860,605540
-21.665222,15.354691,861,656794
-15.936124,8.064586,862,643493
-11.162406,23.731453,863,596816
-37.681778,17.697468,864,659275
-20.357927,-2.480413,865,643617
-9.274513,21.11295,866,642073
-2.880112,-1.6821293,867,656945
-0.726233,37.927383,868,592499
24.62594,-9.744629,869,621058
7.9288497,-38.530495,870,607951
7.7505116,8.67621,871,594867
10.368087,18.18642,872,620982
21.165777,1.8938795,873,591701
13.323148,13.879831,874,606959
-8.7245035,5.186149,875,573127
8.675613,29.14469,876,594815
-38.072083,-13.283145,877,593144
-13.221917,-45.00479,878,641438
1.1830411,-7.2896338,879,641816
13.223471,22.72954,880,592761
14.490497,16.770987,881,521655
4.5992036,32.76343,882,644428
24.77428,9.34607,883,605204
10.6212015,46.42029,884,605169
40.553555,21.391718,885,542963
-12.054148,35.52886,886,622491
-3.7163544,-4.255741,887,600921
-7.64163,-36.25963,888,592279
44.74109,19.33103,889,547982
4.3962855,19.182259,890,592473
-19.948057,29.443935,891,503566
-21.13865,5.2107835,892,607162
-7.9372444,-32.746605,893,608700
-40.86783,9.496383,894,607200
-13.303035,-20.302292,895,623454
13.534806,-6.863107,896,519048
-36.258183,22.733976,897,621112
-0.5789383,-39.666737,898,643329
16.847462,30.727108,899,518614
-19.056166,2.8993413,900,608650
4.0067334,7.85321,901,571697
34.82124,11.351385,902,600986
4.633713,-10.307447,903,465629
-14.017587,-19.685316,904,518566
-33.16058,-12.17639,905,570810
28.534668,3.5969827,906,491624
-12.753405,-15.674821,907,543357
-33.655922,29.120737,908,491696
38.11035,-14.5732355,909,592570
25.356548,-4.4290133,910,474039
23.457933,0.34072334,911,593423
-7.2081766,-33.41312,912,627262
-11.4028425,14.732375,913,543652
-18.026653,24.142256,914,541650
15.371458,-18.831545,915,592592
-6.2231727,28.419292,916,643414
26.806908,23.354149,917,614179
-8.5065365,25.349588,918,545064
18.072088,2.9934673,919,554430
34.360786,-15.043325,920,664701
-15.74207,-7.471954,921,542924
20.25326,-29.793997,922,573016
-5.9165263,-10.139552,923,605428
32.637253,15.026883,924,598271
27.3406,-30.326221,925,643778
40.75037,10.160387,926,602928
39.675255,26.882633,927,445055
8.711164,-28.428967,928,457117
-12.0990505,-20.096142,929,642098
11.099704,-2.5536044,930,602083
-5.683497,-24.035538,931,592753
-28.828249,37.560616,932,493114
-19.614773,16.756794,933,622703
-2.8053207,36.413242,934,605347
11.167628,27.168484,935,502011
-5.2119637,-49.26675,936,592233
1.7006019,7.3900685,937,276520
-6.7210917,23.626696,938,573244
-29.580116,-27.688297,939,608328
-13.901464,-46.083916,940,434563
-21.920362,-12.680053,941,455376
-14.059727,36.467426,942,543031
26.391325,3.9906313,943,571676
-34.396503,-30.832212,944,430947
7.3265553,24.730515,945,433217
-32.522503,8.710584,946,600968
2.118847,31.713606,947,605528
-36.77758,2.309931,948,621056
-35.015263,16.862295,949,607968
-28.960152,-27.789795,950,595234
-27.773714,-14.15254,951,592833
-6.813302,-7.454498,952,514981
-35.15332,16.01555,953,502273
17.147371,9.997067,954,458676
-23.769217,9.487345,955,572955
-16.793552,22.970968,956,592120
-27.344757,11.859978,957,466948
-25.15156,21.2384,958,452718
-18.736906,-5.7465744,959,542914
37.77033,-0.17838435,960,623434
3.5039897,-14.331088,961,545346
22.480873,25.061537,962,492841
5.611585,-17.952187,963,425386
18.995735,16.733309,964,597113
-23.679607,-10.235369,965,643466
-12.610987,5.4570675,966,641851
14.454432,-46.712055,967,608723
-8.294041,-26.254807,968,622772
26.719872,-0.5597759,969,525768
-36.029797,-3.6055262,970,605260
-32.288967,-15.483569,971,622774
13.792433,11.741076,972,642232
22.62563,-38.12852,973,455119
32.39468,5.0155644,974,592705
-43.825325,-7.848122,975,594965
22.164354,30.260742,976,641712
-6.579028,-37.18735,977,596295
27.220243,7.7178926,978,543903
-19.951632,9.506969,979,664196
-3.6960573,-21.42379,980,605280
-1.2276402,-13.690181,981,605301
20.801754,-26.416388,982,642152
2.8591685,-31.670872,983,664856
-25.522432,-15.339476,984,518489
4.6512265,-36.52709,985,605501
40.806747,21.52294,986,656954
21.921553,-7.060269,987,596074
-16.610376,-8.636069,988,642528
42.083855,12.853519,989,641755
-27.202951,-2.2923224,990,605498
-22.473104,23.223087,991,643316
-7.734634,-27.144741,992,657624
-29.212364,6.7082253,993,664180
24.24218,-24.40902,994,622783
17.393486,25.254787,995,605513
27.95677,10.223349,996,607755
-26.14366,-21.894032,997,641793
-2.3045163,-14.295856,998,622554
13.281818,-1.396265,999,458924
18.60422,39.26636,1000,624133
30.621977,-2.2768652,1001,620454
-23.159857,-10.650547,1002,661255
22.658972,-38.474262,1003,605155
1.6659034,42.93123,1004,664192
3.5363147,-45.52115,1005,607572
37.617798,-4.0522447,1006,621366
-3.3328664,-39.879147,1007,650895
-37.60938,6.584936,1008,448167
-37.899113,-12.588501,1009,592712
-12.278541,2.2722237,1010,571945
2.1885989,-29.173254,1011,623354
-12.250487,27.38237,1012,622098
16.087942,-14.296696,1013,670950
4.4987645,27.960682,1014,641341
14.218803,-37.363426,1015,605143
-45.82226,-5.416734,1016,605446
-37.24136,-10.685599,1017,606944
18.505653,-12.591122,1018,669203
8.834958,44.003704,1019,657612
7.8660474,29.360392,1020,657053
24.612143,-6.129894,1021,673633
-15.747153,12.565444,1022,628318
-19.959057,30.59963,1023,622259
24.430103,-14.221342,1024,656798
23.2173,30.38177,1025,664285
-32.5098,-16.0272,1026,606162
7.22285,14.020207,1027,593833
11.4829035,-10.874248,1028,623381
-23.091913,-34.21096,1029,641962
-28.459663,20.620586,1030,670036
-24.939018,8.563966,1031,605488
-15.123196,10.918428,1032,663855
-43.657665,9.735519,1033,660875
-24.194477,-33.58081,1034,592468
-2.1822658,13.981566,1035,605156
-34.030098,-7.518716,1036,642545
10.3015995,-13.201199,1037,623402
-13.088331,18.79473,1038,543193
-21.468592,8.172852,1039,621261
34.369484,20.926702,1040,664682
-0.18611312,-11.369045,1041,605276
-10.753015,-30.378803,1042,572143
-8.939043,-9.311247,1043,643256
18.60287,39.399864,1044,623470
44.704647,1.6977284,1045,656354
-4.173477,37.302876,1046,656977
16.098436,-37.52582,1047,592145
-25.903755,-15.910126,1048,592858
9.660866,-9.901006,1049,623364
-21.883366,10.500906,1050,476594
44.093956,-7.3012238,1051,641778
-37.60124,22.22329,1052,621350
0.48198625,10.641369,1053,475857
23.49413,-16.469252,1054,642558
-27.48583,17.057713,1055,621289
0.9601363,15.320288,1056,624427
15.183593,-8.554698,1057,457754
36.515686,9.148415,1058,630023
-10.042311,17.44853,1059,622694
-16.509071,-17.068377,1060,622446
10.468236,47.855263,1061,605255
-34.429474,6.9144053,1062,657571
12.454771,25.46105,1063,641571
29.024817,35.54249,1064,657209
-16.759052,31.522068,1065,672335
17.333778,40.48478,1066,656887
7.6148357,16.837667,1067,669456
33.6111,15.550573,1068,621114
12.87843,42.7149,1069,657140
21.855556,-13.011651,1070,607054
2.971568,36.796528,1071,607644
-27.09478,14.140245,1072,656803
10.520737,9.4626665,1073,622075
-19.669638,-8.597075,1074,660853
16.280811,33.801937,1075,656222
-8.663789,37.915245,1076,656738
16.497517,7.083587,1077,657117
-35.764618,-0.579733,1078,656257
0.3718202,-38.174355,1079,640464
-0.42540064,-37.126606,1080,641656
24.307703,14.397257,1081,621142
26.700144,-0.8003083,1082,642547
-6.9253488,-28.416603,1083,595897
0.9754714,-46.729023,1084,641745
-15.708743,22.927645,1085,605121
23.801552,-25.816832,1086,516472
-11.851551,1.4990492,1087,669060
-29.073425,-11.763633,1088,623465
3.685597,4.5817785,1089,657786
-34.675056,-21.590082,1090,596101
31.266296,-20.818274,1091,656814
-16.131432,-35.19788,1092,621098
19.902008,-23.254742,1093,642028
-24.306747,-6.872709,1094,664028
-2.1026852,-17.16255,1095,656629
-4.6925197,-28.801193,1096,660271
-9.97419,46.611374,1097,573166
24.19612,-9.236261,1098,641525
38.867424,-22.177734,1099,641154
-28.593506,19.987186,1100,543001
41.421505,8.235482,1101,488818
28.058163,-5.450188,1102,592094
-34.459763,-25.443724,1103,518586
14.810647,-6.987897,1104,663465
25.054354,-36.321144,1105,664068
-9.010293,-31.358477,1106,596451
14.768555,-17.882925,1107,591672
22.625578,10.330818,1108,642571
34.786625,0.94847673,1109,621141
19.311665,21.999886,1110,594987
4.079836,-41.04708,1111,605288
-8.4354515,-9.673258,1112,607030
8.651915,-23.480875,1113,641149
-36.169327,17.056501,1114,640447
12.610419,-5.5289884,1115,571602
4.071935,-44.782925,1116,641598
25.960297,23.642473,1117,656725
20.398487,42.486362,1118,502143
-17.464989,-0.5908644,1119,592238
39.747437,-0.26970655,1120,408314
20.680452,-10.661747,1121,460576
-10.448667,-12.286566,1122,571771
-1.598519,21.145636,1123,607387
-11.438353,28.505863,1124,624636
-27.718689,-24.382256,1125,519203
46.160774,20.188662,1126,605170
16.861023,-1.3323029,1127,664023
-0.5672926,-40.771572,1128,600303
-19.23542,-30.651995,1129,542946
-28.168865,7.495707,1130,622864
29.99604,-3.8817356,1131,553902
17.463114,41.478622,1132,607468
-35.875084,5.0648456,1133,663432
-11.010179,13.671008,1134,488671
28.26072,-30.14959,1135,664869
-8.220884,-19.676493,1136,425772
-45.12693,16.940798,1137,448602
-8.744412,13.293918,1138,462480
-3.9225783,20.657558,1139,489448
-17.781065,-6.534094,1140,607216
-25.344429,-22.135077,1141,656805
13.046004,-19.882872,1142,543258
18.465452,2.5024986,1143,657228
-1.7018392,20.04085,1144,606995
17.379934,-16.98001,1145,621249
-25.48019,20.985655,1146,594824
-4.755845,-37.82967,1147,605486
-18.8206,27.25859,1148,647336
-43.75256,-17.700338,1149,446386
-15.451659,-33.044746,1150,621044
-27.259392,-21.693876,1151,519295
-24.578478,11.745217,1152,542289
-37.72083,-1.2983081,1153,605130
15.983256,-2.4058719,1154,606478
31.206709,-15.926216,1155,576397
8.090559,10.4020405,1156,639373
33.38018,3.170468,1157,642701
-26.743162,-33.581062,1158,571577
-44.18889,23.504696,1159,657770
22.01922,-45.415024,1160,434778
-4.063756,-23.012459,1161,465753
12.685315,-16.085512,1162,608654
34.57789,-8.553563,1163,592769
-35.535915,24.661688,1164,519393
-20.852167,-18.654839,1165,467055
40.428944,4.7399964,1166,572703
10.926383,2.93112,1167,595881
32.586254,-23.282866,1168,460060
1.259307,14.992724,1169,592848
-29.366411,-17.146181,1170,641482
-34.574207,19.576654,1171,621002
31.023335,-1.543525,1172,670167
-4.96512,-41.568356,1173,641853
-1.7641224,23.745384,1174,572383
-6.3434196,20.86559,1175,658305
1.2860945,32.365772,1176,605447
6.969656,-7.766231,1177,656713
8.173498,34.41403,1178,450314
3.9265862,1.3236371,1179,643511
-26.200642,23.568228,1180,656322
-15.968319,-22.18289,1181,575070
-34.137577,-5.050919,1182,669160
43.9749,-12.342072,1183,572125
2.6558971,43.1878,1184,657024
-43.83939,17.727985,1185,605521
-27.103773,2.2739275,1186,665093
-7.0907164,-24.802084,1187,596035
10.216086,13.06836,1188,643290
-5.0736623,-28.910843,1189,669270
-27.42256,-23.68776,1190,607391
43.96762,-15.123057,1191,502578
-41.948563,-18.81906,1192,660813
8.351013,-18.654202,1193,626929
4.8823094,35.292217,1194,642100
14.373383,4.1005692,1195,642840
-3.6673536,-39.937042,1196,622786
-9.402246,15.197348,1197,642207
-16.499199,24.124683,1198,622253
23.199886,23.320799,1199,605469
-9.023166,42.652225,1200,641541
-20.081884,34.440487,1201,642770
-2.9727252,23.38409,1202,642233
22.411583,23.71494,1203,622065
-27.217491,7.6011777,1204,671790
-38.65692,12.095675,1205,673258
10.678447,-40.66036,1206,650556
-22.357082,1.5658861,1207,600887
19.767809,-3.382835,1208,642578
-39.793495,-21.139486,1209,642397
-18.496283,-33.681744,1210,650530
-3.2528737,40.987633,1211,542585
41.796833,-5.60836,1212,641302
4.6215215,-25.829308,1213,605479
-5.1080947,-2.1168525,1214,650671
-19.40183,21.255205,1215,664126
-10.329542,3.8935406,1216,663423
42.205734,10.354827,1217,661403
-26.459517,24.298492,1218,656685
-33.373116,-0.9903354,1219,642546
-22.858942,-42.034435,1220,657277
-7.789753,20.60385,1221,666200
-3.4033587,-43.421326,1222,607555
-13.42244,-11.637372,1223,595798
-17.010763,-2.9986022,1224,571917
45.83724,-19.27843,1225,621086
-20.239061,6.7133403,1226,664054
36.704784,-16.931973,1227,670426
-17.264254,18.530958,1228,571858
5.6298094,26.332598,1229,656464
1.8122876,25.925283,1230,622103
-9.742323,-32.124416,1231,670280
5.6211143,22.734434,1232,660761
46.29915,16.88647,1233,664918
32.542336,-15.783193,1234,456051
-25.137478,-0.0031371466,1235,608344
-35.795277,-1.0896908,1236,621363
2.896147,-18.81869,1237,672773
-32.5846,15.577434,1238,643615
27.953531,27.222456,1239,650633
22.005129,-45.396515,1240,643478
-16.81498,16.634377,1241,658551
6.5693493,33.984703,1242,650893
-17.202717,-31.881626,1243,664854
20.381105,5.909501,1244,622250
20.496843,2.4925752,1245,669214
-33.61934,0.857762,1246,664062
-6.587282,-48.751427,1247,641312
17.166922,-34.939972,1248,640462
-20.466711,12.972646,1249,592165
43.159626,7.5249367,1250,675916
37.107925,17.905436,1251,668676
-23.361668,11.720512,1252,622092
-11.600609,11.875965,1253,543351
-30.063961,31.539915,1254,664199
-13.5032425,3.4451244,1255,664353
13.291024,19.255655,1256,663776
-10.134343,-31.577776,1257,650644
14.6174345,12.100463,1258,642067
-23.253855,5.3888416,1259,665001
-4.477932,-1.0401664,1260,664042
-44.144924,17.1966,1261,657141
44.250576,-7.3893204,1262,660896
31.657904,11.437574,1263,607560
-10.046551,-6.1844964,1264,656970
2.2948222,-6.811959,1265,621097
-8.9208765,10.327175,1266,664139
-34.727745,-13.171396,1267,657031
14.164242,-0.18852456,1268,623433
-18.382246,8.145036,1269,579328
-15.824308,-8.290363,1270,642607
-22.902527,-1.1135399,1271,667498
-11.2806425,-13.34193,1272,622251
-4.7454863,15.052719,1273,677976
-43.863514,-16.318583,1274,623474
-28.912743,-4.8010135,1275,518876
-6.9307227,-10.190848,1276,544365
9.704461,-30.612183,1277,605463
2.9204829,-20.063427,1278,543343
15.285107,4.3858604,1279,656605
-1.8249032,11.348082,1280,598286
-17.692394,-36.40711,1281,592280
-32.19408,5.180975,1282,642121
-16.711418,-11.502702,1283,650382
-20.801598,11.771399,1284,615698
9.736484,-31.19318,1285,656271
45.991295,0.31517202,1286,664129
13.714465,37.591164,1287,676606
20.590403,40.027565,1288,663567
-8.037628,0.9916481,1289,656302
2.5060375,-31.09493,1290,641743
-43.816082,10.534283,1291,663978
-38.88262,1.1507102,1292,670329
-20.147152,25.665623,1293,668683
-16.365807,-4.9004283,1294,662253
12.502802,-32.115707,1295,668678
-44.55258,3.0033338,1296,640451
-34.211308,13.411999,1297,605482
5.832317,-17.095753,1298,665120
-7.4251504,5.4474454,1299,640470
-34.24969,29.222239,1300,435622
11.063147,-40.31525,1301,460086
-8.727346,-5.3756466,1302,657566
-7.2032194,14.852727,1303,431145
-24.277607,-2.5860095,1304,664034
22.46409,21.12747,1305,670712
-34.440693,-25.39831,1306,600858
-43.773666,1.0007606,1307,606303
-12.726508,-43.228123,1308,446481
-7.0404825,-13.161537,1309,657766
-21.78153,-30.049917,1310,591741
-10.279817,-11.8349085,1311,570488
-23.179832,24.020071,1312,620446
23.54677,-39.296875,1313,663992
10.490229,5.0619917,1314,502304
-7.701598,-42.549385,1315,656288
-44.512653,-19.443548,1316,660494
-48.85401,9.456968,1317,664157
-25.717497,-8.3787985,1318,606299
-5.0560126,-12.108358,1319,664045
-19.279877,-25.808681,1320,645801
34.71413,-13.620907,1321,622797
44.11881,13.063287,1322,663531
43.785927,-20.399786,1323,650738
12.623232,26.56589,1324,621078
17.27716,6.9523606,1325,435079
22.922485,14.237971,1326,592859
-9.361567,6.092145,1327,571657
-6.1503725,-38.776096,1328,621592
5.593792,12.585358,1329,670970
-28.424128,0.6129274,1330,543089
27.77462,-12.4313965,1331,660546
30.467186,-12.824816,1332,572821
-21.880613,1.1488447,1333,467827
-47.871998,-6.169279,1334,664092
0.14861898,-16.306986,1335,613317
26.045992,-14.832465,1336,607223
-3.9918392,-5.914772,1337,489295
-14.492369,-19.421654,1338,519222
29.763752,3.1647162,1339,607732
-28.12775,21.695961,1340,650813
9.846514,-33.446968,1341,668665
-20.684954,-21.747929,1342,605361
20.122967,-16.823843,1343,670456
14.949261,22.50541,1344,501303
1.6924716,-24.362757,1345,543148
-7.6107426,8.414199,1346,660623
-43.027233,14.958202,1347,657097
26.140446,2.054888,1348,642226
25.167744,12.9929495,1349,543376
-5.046279,0.78521925,1350,656686
28.525143,20.481981,1351,608596
-12.643258,9.134184,1352,630263
-19.786526,16.963758,1353,664871
3.4438508,4.6728444,1354,571912
-27.22926,0.21395384,1355,456387
-24.365734,14.561964,1356,572008
22.801197,28.170158,1357,657585
35.50861,-22.623156,1358,658791
-1.1175379,7.7663684,1359,571974
-10.891894,18.3195,1360,602922
-4.17735,-36.202206,1361,664238
-2.8525996,4.407657,1362,621368
-5.1950545,36.82953,1363,543677
0.49519572,30.054909,1364,448801
28.877104,-27.87969,1365,658648
1.0659813,6.891017,1366,571437
-14.170076,-23.417677,1367,593643
9.642925,-29.416044,1368,456488
17.153112,23.87388,1369,595939
-26.147102,5.263227,1370,667427
-29.916382,-15.265281,1371,669912
-43.456554,7.8514495,1372,622780
-8.671789,44.75812,1373,592306
-30.912249,-10.850747,1374,641409
23.565268,20.471432,1375,667376
23.517345,-16.761633,1376,665134
22.828676,30.701473,1377,622747
-18.792925,20.064531,1378,656266
-7.0046053,-28.928267,1379,641988
-28.676899,27.50484,1380,623490
30.571865,7.3040853,1381,664687
21.835844,-6.223863,1382,664123
11.321304,44.665573,1383,624420
-3.8813407,-23.64182,1384,665142
25.720343,29.747566,1385,571474
-3.7298725,16.157433,1386,595988
-41.492443,1.9965583,1387,621346
-0.42974976,-24.720228,1388,543328
-39.311962,9.397601,1389,670078
-21.297544,-15.634705,1390,656904
23.451122,-21.813097,1391,656196
-4.141929,20.844135,1392,643605
31.171867,-0.15759213,1393,681915
6.764534,9.669107,1394,676684
42.912663,-6.429873,1395,572371
3.7286022,-19.284283,1396,572089
6.6189404,-5.1766157,1397,676051
16.492233,-6.9706516,1398,674685
13.202441,14.203947,1399,641582
-11.699806,-19.145315,1400,641728
10.230975,-9.484964,1401,664012
10.590746,5.4864335,1402,592105
-3.137882,29.491356,1403,641506
28.123154,17.453325,1404,656889
6.0418463,26.660837,1405,657518
35.000797,7.8647513,1406,621143
37.84866,7.8063073,1407,676709
27.548878,34.068256,1408,665045
1.0359256,-22.75454,1409,657680
36.151333,19.340496,1410,663399
-1.1798656,-6.469685,1411,666215
13.292412,-32.21185,1412,519246
13.449511,-36.811638,1413,641425
-5.8583403,-49.547443,1414,670579
4.250898,-31.224596,1415,640017
20.355959,35.939934,1416,571687
11.91007,30.339506,1417,593163
-18.815556,-2.4875863,1418,543409
-17.324728,4.3463573,1419,671066
11.837526,18.253494,1420,642068
34.72756,-2.2989407,1421,669130
10.744361,-19.166773,1422,641334
-14.42851,-25.9026,1423,676601
17.763529,-31.048843,1424,650656
11.645133,7.276669,1425,650804
-4.0290127,-6.395206,1426,657213
5.61098,-12.871332,1427,661832
10.152383,13.763795,1428,543594
-4.938861,-26.003174,1429,605507
20.161623,-2.6947877,1430,621455
28.692291,17.372725,1431,621050
-15.417905,28.958546,1432,571751
19.647623,-23.57941,1433,607294
-7.594889,31.678074,1434,666563
-3.455242,-9.790234,1435,593574
10.477787,17.361248,1436,656032
-22.011486,-16.9583,1437,656420
-32.685944,21.493095,1438,669746
6.4080844,-20.288385,1439,571439
26.644247,24.908905,1440,672911
-8.817424,7.3336315,1441,592464
-36.79437,33.377075,1442,676831
22.975191,41.10906,1443,593604
-23.31547,17.14888,1444,627893
-17.16255,-39.62139,1445,663319
-28.933035,-8.81046,1446,677720
6.596059,-1.0590823,1447,607692
-6.008714,8.503775,1448,606208
0.55117786,-8.785018,1449,488787
10.201274,-8.0064,1450,605464
24.530165,30.344841,1451,642609
44.07146,-19.51536,1452,621290
-12.411586,-41.659153,1453,680573
-8.986776,-21.481161,1454,641660
3.0185628,31.776783,1455,667595
-31.654682,-20.286901,1456,620440
19.414038,28.029585,1457,664055
-11.088473,13.999093,1458,608381
-21.38472,-8.380147,1459,677415
17.245699,-6.445889,1460,573204
6.021436,-14.964312,1461,670722
4.036403,29.511097,1462,647188
30.432867,14.843694,1463,595260
19.850088,29.965706,1464,641386
1.2529444,2.3350778,1465,657664
-38.645653,-16.374512,1466,664144
29.265656,19.035078,1467,677185
-25.748295,38.1812,1468,641350
-35.193504,7.860188,1469,667681
6.0887985,-6.619072,1470,650959
43.258335,12.241078,1471,668754
1.3116976,-35.0156,1472,621139
21.697447,16.85903,1473,641814
9.815949,-32.43767,1474,595926
6.037084,-12.440063,1475,606127
-18.456425,-2.250266,1476,572687
15.538355,-37.615475,1477,669935
-11.068791,30.220608,1478,646081
40.199474,10.800213,1479,571825
20.101126,26.710377,1480,605138
-14.954368,1.0962527,1481,622246
-26.633455,35.676083,1482,661536
-20.026638,-11.552849,1483,677867
13.768945,21.662235,1484,656450
42.83116,11.615264,1485,676755
20.756674,-21.94264,1486,642041
21.985727,26.286373,1487,676886
12.580237,15.997688,1488,592411
9.446703,-13.715272,1489,518603
29.259863,-29.435207,1490,615695
-5.728434,-44.396236,1491,656991
2.1097808,44.258015,1492,641388
-29.668959,-12.754178,1493,657514
-15.593239,-1.1922625,1494,665059
-13.399353,-2.4822195,1495,676641
-31.345009,3.959856,1496,547176
17.413767,-35.16936,1497,664852
33.42535,25.46539,1498,595919
-8.982153,6.635371,1499,607222
7.212108,10.253467,1500,664155
-42.989605,-6.4607563,1501,664197
-33.968315,1.1967441,1502,605495
-24.881468,20.294327,1503,656608
-28.684284,-7.331194,1504,670422
28.852175,8.751821,1505,621068
20.359575,-4.5657573,1506,600011
30.553782,-3.5829575,1507,669248
-17.406672,-0.36646628,1508,665321
33.636135,23.299484,1509,516769
14.875558,-26.48686,1510,642549
26.08481,22.22083,1511,545404
8.141853,-24.42436,1512,595255
-8.083086,-16.368137,1513,657644
35.26563,4.5414705,1514,621123
14.420425,-12.728939,1515,683065
10.336215,17.353601,1516,606190
-11.256842,-21.771227,1517,676860
-29.202528,9.407225,1518,642637
-25.60902,-11.020865,1519,641732
-5.547118,-27.943207,1520,545343
8.406119,25.848423,1521,676840
4.248542,-38.492115,1522,621048
9.178125,18.210794,1523,471174
3.3636675,13.8006525,1524,621248
26.70991,-6.253628,1525,592288
9.2196,43.833088,1526,516685
38.31239,3.8799813,1527,664875
-30.687462,-1.5940806,1528,668605
-16.650253,25.132874,1529,669728
-15.820085,-16.869045,1530,663770
-12.802079,9.389644,1531,621082
42.704914,-16.70429,1532,676607
20.997784,-11.8197,1533,677161
-15.010592,15.471275,1534,644396
-25.453087,-17.73513,1535,621355
-23.809664,15.1439905,1536,664102
6.842674,19.83032,1537,673316
-27.29794,7.2335057,1538,620986
13.137421,8.725564,1539,592874
-1.1165498,2.819052,1540,606939
21.955486,3.0491455,1541,673140
-8.086158,43.409298,1542,641483
-9.299541,-49.47488,1543,656885
-1.0469046,-20.918524,1544,663765
-19.362337,-14.780139,1545,621343
27.718763,-16.93299,1546,622490
-0.70894295,11.61888,1547,664158
10.290161,-15.360021,1548,592296
-14.348098,16.33108,1549,676358
-14.1824255,-0.93230855,1550,656008
33.541656,0.108695224,1551,669920
-29.697716,18.351175,1552,621153
-14.987876,-37.69201,1553,625974
33.31759,-21.258724,1554,642203
7.1333275,-20.70294,1555,663969
-38.53226,16.79352,1556,642857
11.306409,-29.36245,1557,657558
-12.376417,13.872465,1558,623183
40.793358,8.365714,1559,621191
8.674192,-4.7173905,1560,664977
22.240353,25.935812,1561,664141
-21.37579,-5.193783,1562,657611
34.62114,26.82387,1563,666622
-4.0912027,27.446459,1564,663903
2.800326,24.419598,1565,669373
-10.496358,-1.3816503,1566,624647
34.04747,24.24405,1567,622088
23.734175,-7.920933,1568,641447
5.172808,-3.8600948,1569,656793
23.13478,-18.500542,1570,657376
-29.545935,26.851183,1571,670990
-44.422104,-12.566998,1572,680702
11.458823,0.9891853,1573,623437
-19.511883,-20.306395,1574,668941
14.678329,-17.928408,1575,676596
8.61595,-3.6666198,1576,677651
24.772465,-6.5612264,1577,670550
25.446774,15.444426,1578,641907
3.1546593,34.097786,1579,685493
30.064224,-2.0890744,1580,669211
-14.169822,-29.414467,1581,642092
21.660192,-13.543411,1582,620445
-30.41214,16.11801,1583,656382
-31.64145,-1.6323371,1584,623485
44.370193,20.046696,1585,663474
32.14712,8.661028,1586,676979
23.32041,6.0353374,1587,641540
-11.602368,22.733494,1588,676604
-8.018714,-19.045036,1589,672578
-36.625084,33.884052,1590,664337
3.0516994,-26.324453,1591,665620
17.92253,29.726734,1592,669432
10.090084,-20.490097,1593,607179
11.2726145,33.470448,1594,621076
10.506355,-5.700359,1595,641401
-18.993814,-20.350605,1596,668687
1.7722982,-14.469677,1597,656232
-11.865034,30.274782,1598,554431
-6.5106397,-40.447258,1599,656557
0.93823344,-19.271557,1600,656353
14.028034,28.643255,1601,570560
-24.089548,17.417833,1602,656876
-39.63184,16.30504,1603,666674
9.374864,45.488853,1604,664948
-46.624657,-12.05253,1605,672715
26.597525,14.531029,1606,670056
16.878994,-16.310549,1607,657044
8.055829,17.547106,1608,548384
-24.02201,-24.557585,1609,660600
5.875131,2.436211,1610,642130
-28.073704,-5.697646,1611,667463
43.2348,7.1562357,1612,621129
-19.94723,-25.812822,1613,641672
-31.246267,-19.990253,1614,663878
13.679061,18.811798,1615,665733
-19.804432,-37.017918,1616,666120
3.0616038,-4.1375313,1617,624407
-0.1636593,-22.710197,1618,593619
-2.5326474,25.88873,1619,663460
-17.59049,-21.918465,1620,453268
1.4780976,-25.252567,1621,547942
-0.7581606,0.053479098,1622,664299
-25.197296,1.031176,1623,640448
17.672367,21.525171,1624,656849
26.131277,18.536966,1625,503569
15.517589,-11.042611,1626,669145
-14.8898325,3.4608757,1627,665152
27.434067,-31.461924,1628,656240
-27.136707,-16.638035,1629,676220
16.320574,39.501324,1630,665621
-19.468433,1.8738996,1631,663554
8.557998,-16.784931,1632,624418
18.504133,28.642357,1633,571788
6.1213565,27.505568,1634,663734
4.3018847,-0.78570974,1635,664350
2.546956,-35.66486,1636,664714
-11.15988,-40.41121,1637,518649
-21.751032,-16.078575,1638,665759
-21.87481,4.2540793,1639,664069
23.861732,15.977735,1640,666129
44.381245,-15.409367,1641,658431
-1.46466,-39.32646,1642,680692
-27.26932,-32.264294,1643,669952
-31.970867,32.402306,1644,640444
-27.07134,28.018084,1645,453943
19.667732,7.304203,1646,642584
-22.876137,17.018085,1647,629498
-14.089433,-46.347115,1648,657240
-9.540922,15.686894,1649,664076
-11.82193,9.235193,1650,670912
19.153328,12.3382225,1651,660431
-32.029053,35.096676,1652,622503
32.995255,9.321727,1653,641739
38.818134,-13.166528,1654,669289
-25.418238,-8.258876,1655,664074
14.954433,-35.675255,1656,606115
27.850885,-14.301041,1657,641576
-24.558825,33.905785,1658,528748
35.05108,5.062513,1659,675921
27.337772,31.557306,1660,641726
36.852486,-4.285056,1661,669459
-1.3844401,-10.132126,1662,663366
-1.2371744,-27.095001,1663,641513
-27.617357,-10.040549,1664,608335
-17.433418,10.233309,1665,667465
-17.637169,13.251782,1666,681911
25.440332,7.2872148,1667,661440
-40.549503,-1.369054,1668,668338
29.510365,25.240973,1669,605335
-10.894885,35.315426,1670,622256
-17.218292,24.310452,1671,656061
29.635376,16.254557,1672,641420
3.6825893,2.6964388,1673,606996
-0.685266,16.680052,1674,641360
-26.547382,27.652489,1675,621005
-24.082561,-15.638353,1676,683232
-2.9664137,22.898815,1677,621011
2.9374964,-42.237194,1678,645307
-39.36468,11.563641,1679,621532
-8.330905,-39.288692,1680,643532
-21.62758,10.059149,1681,650668
6.4112,-8.762607,1682,656913
18.733086,14.2921095,1683,523253
-14.910518,-35.68991,1684,641995
-35.67371,10.78363,1685,623168
-26.670225,9.008077,1686,669064
-27.276127,-1.2526389,1687,435522
-11.864975,-33.267113,1688,641645
23.680532,14.389522,1689,656004
26.441944,-17.130514,1690,608348
-43.71384,9.26307,1691,660422
-0.22748381,-32.034428,1692,669424
33.295887,1.442486,1693,666204
-30.456842,4.2201266,1694,621593
-7.9567223,-16.547966,1695,656492
16.0056,4.6768413,1696,656548
-42.3545,-15.49758,1697,675911
-14.624293,-35.485905,1698,656458
-3.2447896,8.645279,1699,669622
13.997176,-9.828757,1700,647315
-19.841385,39.783707,1701,663559
4.9115424,-9.6639385,1702,642758
-22.08206,-34.903816,1703,669395
-41.317738,7.047724,1704,663804
-28.838602,-2.3932192,1705,656212
-21.167147,5.5386176,1706,656578
29.25025,28.599714,1707,677865
1.1261666,10.648662,1708,676879
-10.218041,-15.631846,1709,665645
7.675065,-38.326782,1710,663753
-13.973923,31.814728,1711,665661
33.739292,-22.386276,1712,665665
-7.15834,-27.982502,1713,661383
19.263014,-19.855879,1714,672282
-19.934786,28.837452,1715,543238
31.635578,-8.157764,1716,641632
-0.5316476,-3.1325283,1717,664584
-14.672039,-5.9163036,1718,676477
-12.156841,30.224512,1719,672851
-26.70966,-10.998489,1720,617228
-43.280907,14.39187,1721,666818
-5.3778543,-40.839314,1722,642759
23.435854,-10.761215,1723,656638
-9.14758,12.566339,1724,666159
21.728987,-3.7423692,1725,643377
-44.179115,-6.4937744,1726,675971
-44.624134,-4.0852327,1727,650911
-44.176094,23.479504,1728,668968
25.202303,10.219052,1729,669276
-44.436916,18.823734,1730,669358
22.597301,-12.151161,1731,663574
-1.1631731,-6.6633554,1732,668820
-36.775227,-3.7098732,1733,621074
1.218491,22.869741,1734,656730
-10.642636,28.637793,1735,666808
-19.339947,7.614527,1736,681810
1.4435071,4.883602,1737,681806
-16.484934,-26.037544,1738,646242
27.334576,-5.168855,1739,656529
21.088463,-19.649775,1740,663986
-33.798454,-4.4007835,1741,657093
21.61394,8.526093,1742,666201
24.845709,8.947185,1743,592831
21.279816,40.571606,1744,666168
23.627808,-30.51477,1745,680686
-20.985847,24.51658,1746,663556
16.670824,19.63388,1747,656731
-15.8183775,33.640656,1748,663558
-13.034893,17.112597,1749,669169
-16.328627,16.73052,1750,571479
16.059206,22.100033,1751,667297
30.876875,19.199163,1752,676265
3.451751,18.745121,1753,664294
4.0992866,-41.64617,1754,669212
42.59919,11.482783,1755,649144
-14.873728,-22.957539,1756,657006
-23.359293,-12.397479,1757,657746
-28.524761,28.877222,1758,672582
14.093773,10.869759,1759,506702
16.201582,-2.8553648,1760,650347
-28.045631,12.663263,1761,674944
-32.836292,15.669764,1762,665795
20.426577,-12.04604,1763,669618
44.34571,13.04189,1764,657248
30.778635,16.487144,1765,675912
32.40589,8.50489,1766,656981
15.297934,24.618511,1767,621057
5.917836,13.4402685,1768,663738
-38.3775,12.243679,1769,671345
-9.844171,1.164212,1770,669302
-32.864864,6.63339,1771,677960
5.280489,-36.91301,1772,676083
2.501329,-36.309505,1773,672710
-38.42332,-6.110195,1774,676617
-15.590891,33.129387,1775,641394
4.2672534,-22.330563,1776,676050
-18.224041,-1.564522,1777,676969
46.168232,19.438728,1778,656818
18.054802,16.198118,1779,624522
-37.787796,22.873644,1780,661269
-22.402786,6.044057,1781,642727
-24.00967,-0.9310829,1782,669330
31.359526,-14.360816,1783,641927
21.56331,-22.540453,1784,661527
-25.276812,-10.432295,1785,660906
29.137383,-25.3345,1786,650496
15.756262,19.80514,1787,657508
-14.578267,-30.026314,1788,664776
-5.2853117,43.62733,1789,665896
-22.909575,35.849712,1790,642048
-5.603773,26.504938,1791,667725
-40.354774,-16.677252,1792,670087
0.207872,8.074119,1793,643400
0.14349607,-34.414906,1794,669294
27.410269,15.030792,1795,661563
-2.4742546,13.943488,1796,663853
-6.2662697,-10.364415,1797,655889
26.993097,25.293667,1798,656290
30.570301,19.046885,1799,669674
6.851274,-3.392607,1800,596082
-3.7284665,-12.238326,1801,685503
-33.876053,-2.2916822,1802,621348
10.191409,-41.110935,1803,672391
43.261112,-21.299667,1804,660365
8.41956,14.780976,1805,665854
-38.43764,-12.809389,1806,620396
25.322367,37.721508,1807,656457
-0.3943886,26.5325,1808,663372
16.954145,-13.414005,1809,518435
-19.988194,31.6168,1810,657756
-19.184944,6.2853775,1811,665625
18.364935,-30.675423,1812,641329
-40.826893,0.92465365,1813,676710
3.125163,-20.009182,1814,505447
-27.639034,31.315228,1815,676766
34.288357,26.409182,1816,642659
20.282309,35.921585,1817,457759
10.746782,47.580643,1818,596103
-10.07655,20.650599,1819,594694
-6.889334,-5.3703003,1820,670090
13.436936,5.3426576,1821,681867
36.619938,22.098312,1822,656641
28.311722,-29.767714,1823,656620
44.05774,0.74381894,1824,621259
-46.60387,15.69548,1825,670050
40.138527,26.922655,1826,607680
25.3107,-11.669058,1827,592273
-35.104404,-3.5399392,1828,670955
-43.826336,0.23845261,1829,628345
-0.8190581,-43.786892,1830,656669
8.609568,35.1191,1831,642851
0.8489598,33.469154,1832,666205
22.419231,-22.329699,1833,680704
-10.014302,-35.733624,1834,642336
19.068106,-32.199844,1835,676103
-36.409096,-5.8092246,1836,669735
-20.45042,-4.0924716,1837,660620
-42.18536,4.928141,1838,596056
6.2511206,-39.78422,1839,641384
10.131313,-23.58264,1840,641682
-25.999205,4.253668,1841,594809
18.69036,12.026241,1842,670766
16.855747,-1.6526797,1843,591720
48.010227,8.431585,1844,643565
26.285666,5.939051,1845,502210
-15.767182,-0.9382758,1846,519299
-0.5980992,1.3033261,1847,595284
-4.9685974,15.18273,1848,680430
40.995945,-3.5630896,1849,621433
-0.42572746,21.961843,1850,676424
-33.56937,-10.009467,1851,670057
-17.482155,13.689094,1852,546991
11.559559,39.95341,1853,663378
37.855465,3.390851,1854,596825
-5.1304893,-17.534283,1855,665155
27.872107,31.737877,1856,605612
-12.513551,17.161825,1857,547001
-34.701942,-11.314251,1858,657697
-9.2149725,-29.851994,1859,595263
21.342041,-10.817765,1860,669135
-7.043507,-13.171432,1861,624414
7.738442,8.761672,1862,503556
29.063082,28.602789,1863,667373
17.97106,-13.277965,1864,542992
-4.84526,3.449311,1865,668670
19.50389,14.487608,1866,573062
-38.829212,-11.032142,1867,663959
7.752805,32.80241,1868,572761
18.005478,29.18616,1869,444482
13.849278,43.07451,1870,660825
-20.056654,9.857065,1871,573131
-35.47771,31.605524,1872,642162
-23.783796,33.442566,1873,621500
-25.136301,-32.844055,1874,452678
-10.251053,-28.919062,1875,666619
-9.426785,28.803577,1876,658069
30.969418,11.997369,1877,641703
1.5849193,-3.135932,1878,664901
-18.992664,-32.18623,1879,606213
-23.984707,-8.616944,1880,630105
8.292316,-25.082132,1881,595943
-23.419943,27.776075,1882,664789
27.076042,1.2489804,1883,657272
15.633121,-3.0581913,1884,518585
-11.712163,-43.51631,1885,666721
-34.517017,5.045455,1886,668834
14.464976,22.029085,1887,682051
-29.115143,6.889566,1888,666214
-24.649294,15.373964,1889,621051
33.879116,-15.860003,1890,682171
-22.702509,-22.934988,1891,664202
40.08303,4.865679,1892,668868
6.6251593,-21.169735,1893,681464
13.601623,20.80534,1894,676760
-18.755737,-6.124371,1895,670810
-8.41903,31.155891,1896,680694
21.166811,17.595335,1897,623211
1.0116884,-8.061794,1898,666142
17.099087,-3.9952815,1899,676714
-4.889363,36.999096,1900,666157
11.219904,2.9906034,1901,668948
-42.903507,-17.185898,1902,686613
34.132515,20.496199,1903,678692
-26.555584,6.2277737,1904,668970
4.838273,24.300137,1905,663385
22.784634,20.341705,1906,675627
-18.359865,31.261309,1907,663158
6.787677,-16.68484,1908,628708
17.85731,-9.907477,1909,686753
-29.121994,34.28451,1910,682847
10.256435,-23.661905,1911,670174
2.2072575,20.848135,1912,678394
3.1576116,-14.909112,1913,657265
10.81285,-36.91222,1914,670288
33.210026,-29.116617,1915,677053
31.71319,-16.729921,1916,676664
-24.768967,1.929068,1917,670124
-29.064548,35.90202,1918,545121
-24.706848,2.2198575,1919,676720
-4.18978,-18.36676,1920,668933
1.3023217,25.617552,1921,663752
-43.951298,-9.965742,1922,665019
28.440128,12.181216,1923,656234
-23.960855,-6.2999516,1924,663436
-6.6720634,-7.017128,1925,669467
-32.437145,-10.64428,1926,669084
-24.970484,-25.693888,1927,642585
-29.72273,27.205566,1928,666374
-3.5084343,29.055492,1929,686610
5.8785906,20.876411,1930,650204
-25.433502,-40.607536,1931,621079
4.703476,-2.7412388,1932,665871
32.9419,1.5240687,1933,669804
11.909075,-25.13435,1934,663773
-36.576347,6.0453844,1935,686973
-6.9720116,-50.88047,1936,661309
-31.429491,-3.3469434,1937,669713
-3.4392319,31.58594,1938,676534
1.8758484,-16.166697,1939,664747
-18.808327,5.0085416,1940,663546
7.6933627,5.6264057,1941,680739
-19.220911,-14.555715,1942,669923
13.633832,33.388462,1943,668881
29.924158,14.478448,1944,661395
30.92588,-21.555855,1945,693821
-8.249876,22.561224,1946,621016
-7.8798866,8.588162,1947,657649
13.9169,-12.570271,1948,642657
3.0699084,-28.251345,1949,676092
-40.062374,3.545008,1950,664670
-2.3117075,25.577759,1951,674072
22.145884,-21.57356,1952,572816
-7.363789,22.984047,1953,621383
-16.946991,-26.259064,1954,686972
-43.42073,0.7509776,1955,669711
-10.191095,-33.12715,1956,686752
24.690935,38.177975,1957,596117
-0.9893145,42.6594,1958,663630
-9.137265,-5.5114765,1959,650339
12.506344,-0.60896343,1960,669093
15.687328,-6.737637,1961,669194
9.7178545,44.872368,1962,663455
-33.583374,-20.156656,1963,683769
12.795728,26.177908,1964,643361
3.829174,-31.996222,1965,571976
37.51803,20.88942,1966,666974
-3.614847,18.20714,1967,663485
-42.37283,-16.73275,1968,656755
29.781916,-17.832907,1969,641914
-16.697403,-37.0661,1970,656657
9.235793,-28.838243,1971,664942
38.77635,17.837177,1972,622379
-22.54682,-43.426598,1973,663989
22.031986,-45.394447,1974,675540
23.557747,39.03038,1975,624503
1.8345182,13.995009,1976,670768
27.799387,27.810884,1977,663893
32.69488,12.953387,1978,664944
-18.091423,-3.9443176,1979,641531
-33.079823,8.50411,1980,676917
-13.133957,-23.153114,1981,668800
12.877021,-11.31481,1982,593160
27.657785,-19.64796,1983,663947
16.967512,19.602983,1984,622569
-29.069628,-23.84199,1985,670059
44.522343,3.2112892,1986,624512
33.450123,-8.775071,1987,669461
-39.13961,17.653969,1988,614177
-20.30146,-7.8746448,1989,659262
-16.483482,-17.073868,1990,656820
-46.044144,-8.702974,1991,594838
37.15645,17.873623,1992,674681
-8.744522,45.337482,1993,688010
30.239178,21.192337,1994,676130
-19.116411,4.493482,1995,669742
23.418077,-8.161764,1996,543281
-16.174791,28.473625,1997,676206
33.899014,3.1005704,1998,664849
10.842096,-9.03109,1999,670032
-11.950062,-9.889569,2000,607609
27.437267,-1.791036,2001,644374
11.744367,-13.176315,2002,660787
-14.882693,13.10477,2003,676946
-30.051842,13.53148,2004,672839
43.93786,25.753347,2005,571446
2.3252327,-1.3104141,2006,681217
-17.045092,-18.102354,2007,620443
2.6451495,-31.966095,2008,661531
31.809229,-0.43904635,2009,663629
-11.573851,16.320688,2010,669022
-12.956471,-6.862063,2011,676974
11.482903,-27.543676,2012,656786
-1.4600097,7.202856,2013,668684
-27.45691,-3.302329,2014,660730
34.81285,-12.118528,2015,657745
-12.742055,5.368362,2016,663975
-21.386965,-3.044266,2017,664161
7.6310515,-20.732481,2018,689225
17.353216,27.68188,2019,547184
-38.833218,-12.870583,2020,656412
28.516865,19.046562,2021,676637
18.77936,-8.219076,2022,572191
42.275993,-2.1225433,2023,598265
18.693419,19.023891,2024,444876
-16.754833,-25.435165,2025,676660
-2.9566846,-36.45678,2026,642165
9.774147,-31.817959,2027,657424
-19.786108,-19.866627,2028,676391
21.263636,10.845229,2029,678061
-35.214382,22.914093,2030,676194
-13.944221,8.608285,2031,660636
-15.093858,-13.1592245,2032,668873
38.85537,18.069204,2033,670046
-27.519161,21.57798,2034,606993
26.08117,4.0627017,2035,681885
0.9318951,-3.217481,2036,608686
-11.07662,-0.6582704,2037,643524
37.087112,22.511728,2038,571466
33.771545,-30.478548,2039,656986
-0.54787713,18.910357,2040,425877
-42.00245,4.700439,2041,622268
-25.28798,-10.747743,2042,660593
-2.701138,7.342142,2043,545341
-14.633339,3.5412498,2044,642060
13.546967,-16.729822,2045,592743
11.465258,-15.76317,2046,608703
-12.941486,-4.1767445,2047,673904
31.477612,-29.720774,2048,640461
-20.72522,2.802421,2049,405395
36.014465,3.9610498,2050,682027
10.25766,8.768321,2051,682016
10.4174795,18.891644,2052,644429
8.814143,23.269112,2053,681799
-22.883615,7.8686557,2054,670102
-1.9095834,-1.9353887,2055,669854
9.918753,5.7994018,2056,650960
15.427152,-12.605082,2057,543829
12.116954,11.049545,2058,673862
4.8379116,-7.7525525,2059,683627
-41.477863,2.658056,2060,689379
43.163513,20.113205,2061,681603
-0.91597927,24.474783,2062,801389
15.052528,-20.571228,2063,622338
28.120766,-9.32378,2064,671922
24.387669,22.274855,2065,679033
34.731117,-5.418331,2066,592155
1.0016544,-33.460533,2067,681803
0.09344522,20.50017,2068,621053
-3.8325758,-46.986656,2069,701487
-5.584176,-2.0936205,2070,703106
28.30975,22.640276,2071,688857
36.39262,8.566322,2072,683565
-4.724908,6.4023995,2073,682726
-13.824877,-9.031545,2074,682528
38.4172,-2.8088787,2075,682227
-21.096292,17.411255,2076,663943
15.260652,7.6028357,2077,656349
13.004003,0.30560914,2078,664910
-19.252415,-37.74486,2079,667280
14.346088,20.870481,2080,663671
2.7632017,36.169792,2081,679777
-8.833466,-35.20664,2082,687330
2.1588516,-12.588125,2083,676272
-17.255644,-9.143141,2084,701619
-25.486452,21.544222,2085,657116
31.59066,-17.551212,2086,691602
-17.193544,-12.446633,2087,687460
-34.715492,-6.8788004,2088,700412
14.03483,42.15762,2089,666745
26.65018,-21.411125,2090,673965
-18.567913,-8.432861,2091,667722
17.074059,-38.394604,2092,676785
-7.6970015,-38.042263,2093,672382
18.530518,-36.07144,2094,687014
2.7356262,-21.594957,2095,656937
5.946821,2.4095106,2096,688497
21.171137,-27.34326,2097,670151
34.801437,27.801498,2098,672550
18.048841,-10.073282,2099,672795
27.58249,-2.5006607,2100,679358
6.6097827,3.3158798,2101,676620
37.24157,-2.2421145,2102,671111
-6.834598,31.18574,2103,656077
-6.833204,5.7870674,2104,669205
21.65009,41.287453,2105,670721
12.206986,-0.46104994,2106,678725
3.4219232,-0.72154415,2107,672774
-35.13635,-13.657011,2108,670871
-34.04985,-6.1845675,2109,682130
8.155697,-34.380352,2110,676298
-33.749638,-20.951427,2111,686933
24.811478,-16.769632,2112,663823
46.780476,5.3688645,2113,673111
-30.882906,-19.68759,2114,701151
13.985847,28.714293,2115,676014
-14.392817,-15.684997,2116,687866
-4.9625335,-50.59758,2117,702464
10.595204,-19.613407,2118,695769
-4.807077,-32.9989,2119,678149
-11.36751,-19.2864,2120,656206
-23.858198,-13.222432,2121,663856
-0.8057299,17.66137,2122,689185
0.31828204,6.4962363,2123,681185
-20.761091,-1.6731182,2124,641620
-8.336619,-3.7643964,2125,682120
35.05487,-22.502079,2126,690103
-17.341051,-24.91812,2127,642225
-6.564695,8.236891,2128,682967
-6.156087,11.465922,2129,702477
31.72164,-12.559141,2130,698785
-11.965658,-31.119236,2131,668674
-21.005863,-9.461092,2132,662165
-8.18902,-20.274967,2133,668880
21.803741,18.218872,2134,682201
39.329044,-1.5890355,2135,670125
-15.349305,-4.4949756,2136,680863
8.940084,21.501497,2137,676546
42.822502,-4.3396006,2138,699479
3.0416489,42.933655,2139,682615
-21.991648,-21.968554,2140,688984
-3.9009953,15.963467,2141,670219
-44.550648,-3.950282,2142,681145
6.5284176,-23.959028,2143,675976
28.722486,3.885099,2144,663977
10.772916,-30.003414,2145,663359
21.193562,13.682578,2146,641709
-9.846082,-7.2774706,2147,668757
-19.090282,2.1188076,2148,676334
42.623466,-19.496458,2149,681168
34.33709,22.205809,2150,688953
-28.831087,29.04259,2151,687849
38.84857,-2.0194452,2152,669391
3.5659306,3.5839942,2153,679346
15.300785,14.59811,2154,681958
30.211594,29.8349,2155,682489
-5.11903,-49.65124,2156,656919
27.305397,-19.013456,2157,668908
9.199437,4.194367,2158,676515
24.692198,22.537966,2159,672870
26.645157,-14.909403,2160,660440
-30.633327,-13.078183,2161,688125
1.9172859,0.61370116,2162,664784
25.459656,29.66795,2163,667434
-15.548705,19.641577,2164,670437
15.328954,-19.908539,2165,642271
-38.892025,4.1882067,2166,642140
-4.3629327,15.428197,2167,671162
8.053071,11.996964,2168,680961
9.461709,-10.262574,2169,678041
18.404482,32.341194,2170,686993
22.080822,-8.21077,2171,686608
17.353943,4.59122,2172,661332
-11.105577,-14.90821,2173,695405
-21.817308,-29.40564,2174,682143
-25.5542,23.297716,2175,676726
-29.05859,23.57305,2176,518464
18.202858,31.10084,2177,689520
-29.32798,3.0694673,2178,674444
-1.3949224,-30.311575,2179,532936
11.837695,-7.118267,2180,665996
-29.072647,35.733574,2181,641978
-40.861156,17.3292,2182,668871
28.575888,4.214718,2183,663489
5.946792,-37.703423,2184,694642
45.300705,5.4590015,2185,663534
-18.085476,6.5636024,2186,681320
5.8575587,1.7229564,2187,671305
-0.23973519,14.349169,2188,657092
-4.390448,-34.099533,2189,681902
-10.710974,17.6603,2190,680653
12.620477,36.023804,2191,676254
-0.2681429,-30.79818,2192,695445
-4.856291,10.163487,2193,687798
15.505281,-25.828669,2194,660261
32.66311,-10.528498,2195,695243
-30.043518,1.9222422,2196,694037
-2.6703172,-21.89088,2197,681432
-33.7822,-30.775267,2198,690986
-17.842293,-14.034821,2199,693312
-11.875871,-43.559216,2200,674370
-14.584793,-9.456851,2201,663462
-31.284372,3.599613,2202,672860
-16.409649,-11.383575,2203,681892
22.647625,35.505795,2204,679885
-24.85139,-21.963335,2205,686826
-45.14082,-16.480345,2206,671737
-2.3337166,-17.756315,2207,682052
9.635656,23.565508,2208,686539
22.810663,35.541008,2209,676680
-30.002602,13.036681,2210,678606
-19.505922,-11.520586,2211,689266
-4.818389,34.318832,2212,671131
12.892897,-8.999106,2213,663704
-7.8477554,-47.097233,2214,689147
6.7608967,24.543472,2215,663941
-35.872086,-7.845212,2216,669724
29.551668,-27.331884,2217,675989
6.0147343,6.814949,2218,669796
9.776459,-33.28665,2219,682990
-13.766274,7.794739,2220,666277
-44.80582,-16.493729,2221,679525
-10.664965,-24.80654,2222,682842
3.2243037,42.78142,2223,696136
23.116179,-18.275043,2224,680723
-2.0894458,18.913252,2225,683175
-22.587734,-34.8854,2226,680983
0.024680613,-27.307714,2227,667755
-10.101893,46.935127,2228,690829
-3.9998882,-19.253084,2229,671212
-8.105972,2.2248504,2230,686747
21.82215,41.345905,2231,680767
4.6942215,6.303215,2232,666154
-37.72934,16.527304,2233,674003
10.739875,4.539112,2234,669387
-28.173012,-5.0834103,2235,681882
28.169968,11.810321,2236,676702
14.199773,30.830753,2237,642216
-25.72069,-17.615395,2238,682010
-24.868292,-25.96955,2239,680742
-1.4415622,-8.492972,2240,681190
-0.99963796,18.741453,2241,686730
-1.6717987,-34.048096,2242,669721
4.5421968,-28.878624,2243,676961
16.629774,43.523617,2244,677076
4.2661114,11.824877,2245,685314
23.89601,-37.224392,2246,676775
24.881023,-36.4454,2247,693433
8.758512,-40.021057,2248,500743
-22.859728,-42.573093,2249,701643
13.90494,-13.119741,2250,672782
-8.11295,-35.606976,2251,685107
-46.81661,-11.88119,2252,687830
22.005863,22.705296,2253,665622
-6.3582845,-8.679779,2254,700363
-12.245308,-40.425705,2255,673540
-17.756765,-34.540905,2256,663362
24.20472,-5.127344,2257,669684
21.33506,35.21721,2258,671096
3.850056,-20.640463,2259,694297
37.101196,9.919383,2260,663658
18.529684,22.932362,2261,680570
6.8018427,-34.465744,2262,670241
-24.106184,-41.125942,2263,646241
-7.942877,-47.381794,2264,683155
-8.053418,-41.698803,2265,682243
23.029713,-0.61975485,2266,686218
8.670732,21.513317,2267,663562
-32.40888,-10.381221,2268,676395
5.6645036,35.00526,2269,681857
38.546925,26.996449,2270,688427
-32.394875,19.206057,2271,664744
-16.399921,11.384683,2272,641585
29.651566,1.1539557,2273,642133
7.911586,38.29537,2274,677944
-33.6362,31.627527,2275,694813
-0.6829818,-24.961864,2276,663623
-22.78489,25.031372,2277,687922
-19.416803,21.630833,2278,669947
-30.926172,-27.643236,2279,691587
-26.694584,34.9301,2280,671106
41.66277,21.044254,2281,663321
-9.993752,-1.8641146,2282,668909
-2.8366048,-30.50725,2283,687145
39.982025,4.248533,2284,694363
18.875849,-8.345985,2285,676440
16.859539,30.089205,2286,686294
-36.665882,-6.5112686,2287,595978
-26.457106,32.844627,2288,687888
-7.425674,-50.620846,2289,664874
16.612083,-25.117208,2290,543518
-33.608036,-23.050652,2291,687396
39.212204,3.17787,2292,669165
-16.203161,-6.472454,2293,682175
30.886564,30.554544,2294,681402
-0.2723479,3.2115197,2295,640454
20.947203,4.281155,2296,686839
15.570786,-6.0627375,2297,680735
14.298371,-25.603386,2298,680689
-29.616295,23.308296,2299,668984
-13.835889,-15.929092,2300,650489
4.404092,-5.5272584,2301,681807
-17.347393,-17.979088,2302,645444
5.109834,21.699097,2303,670097
-32.936768,30.524141,2304,669111
-24.035316,-40.87708,2305,663542
-9.499926,-21.826443,2306,622110
38.499226,-21.858444,2307,681982
24.118687,1.3113792,2308,455117
-30.406734,14.507745,2309,663687
-12.998268,42.43158,2310,676106
-2.3943071,-43.395805,2311,666364
25.488138,20.920395,2312,543510
-2.7498832,-7.6816025,2313,665734
15.875076,44.803673,2314,677020
-1.8737258,37.746292,2315,668470
6.4376607,31.468863,2316,656924
-45.735752,-6.210583,2317,665048
3.629139,15.632251,2318,682989
-3.2032804,24.723188,2319,678226
-17.315376,-29.146086,2320,650907
-5.884847,-53.88984,2321,666720
-11.517533,12.113166,2322,666208
-29.47083,11.276912,2323,686651
20.763191,6.745515,2324,543543
-42.62022,15.091252,2325,680232
-16.228077,23.744915,2326,669438
-34.36836,31.851393,2327,689690
6.6293154,-33.935825,2328,681517
8.436027,0.77708256,2329,686654
-17.295168,1.5777855,2330,676632
9.360667,40.40394,2331,643396
7.800318,-30.999397,2332,689167
37.62224,2.7124789,2333,676475
11.726424,4.9138207,2334,681808
21.005512,4.04132,2335,696147
13.745314,3.8104315,2336,660634
-3.3845968,-36.28022,2337,681869
-8.858893,31.184696,2338,518626
-20.64483,25.221134,2339,674285
-37.595238,21.699038,2340,570731
1.2055062,43.850044,2341,673858
1.7841085,-19.930117,2342,691094
7.693138,-16.785402,2343,623507
6.859552,-39.0038,2344,681584
-17.289629,-38.90403,2345,668942
-11.640392,-29.265965,2346,676689
32.33893,-10.961521,2347,543063
-10.300218,-1.7469711,2348,669105
-17.562683,-21.786509,2349,663971
-27.423836,13.804161,2350,689172
18.748436,20.309889,2351,672730
29.743597,36.678085,2352,670183
24.328405,-24.102476,2353,670042
34.961224,-19.672495,2354,676701
-4.2573276,-10.532391,2355,666207
-14.7353325,-41.683235,2356,685410
-2.3861833,-51.27265,2357,670156
45.101727,0.7661605,2358,571875
-41.424454,17.6812,2359,657041
20.853174,21.574692,2360,663897
-2.4202569,-7.8064466,2361,613564
15.427942,14.114111,2362,686842
10.731271,-2.727478,2363,542208
-43.458042,15.739158,2364,672841
28.58386,-8.947188,2365,681987
-6.8244553,28.12189,2366,656716
-24.895185,11.918772,2367,607461
