1-tsne,2-tsne,batter_id,batter
28.221632,16.41808,0,598265
-1.5941418,-8.614577,1,593428
-47.115334,4.7958293,2,434670
-18.725685,6.5982943,3,120074
18.925148,-37.20915,4,605141
-9.870405,-27.734661,5,518626
-21.14981,-13.599962,6,581527
16.929594,32.97276,7,485567
-1.2601876,25.236246,8,607680
21.383633,-14.969599,9,571788
13.381689,-4.334119,10,456030
47.085037,10.5606575,11,643217
4.1537185,7.4181547,12,455759
-11.875894,28.66583,13,459431
-27.011913,22.904638,14,453064
-14.090348,-36.99687,15,431145
-48.77073,9.150433,16,430832
4.678877,21.684391,17,429665
44.288857,-10.804236,18,506702
26.27987,42.10836,19,425834
14.692152,18.567177,20,592261
10.263741,32.114784,21,595777
-31.610584,9.601718,22,607387
-9.390217,36.93112,23,523253
4.455559,45.853973,24,543094
-9.768767,-13.034622,25,571912
3.9170809,-3.8392026,26,592200
-22.586086,25.587051,27,493351
-29.064564,18.36649,28,572128
31.819828,-26.373474,29,608336
-21.25023,9.867478,30,592592
-0.9896096,2.7424843,31,608577
-27.6902,-33.44634,32,593643
-8.829001,-17.25544,33,455139
41.32098,14.983067,34,592419
-2.863544,26.002995,35,572816
-12.6466875,-38.787727,36,446334
37.513847,10.261628,37,543484
-5.6772823,-3.9030383,38,425783
-7.3952284,-25.642183,39,462101
-22.135893,-16.046432,40,518960
-20.167048,14.564797,41,134181
-32.546364,-31.673777,42,136860
45.72454,10.9256935,43,460576
-34.914448,-13.991457,44,594838
-37.362946,-5.5781126,45,488912
22.632338,7.021963,46,571745
18.138935,32.148354,47,572008
-2.5089626,0.3191719,48,595978
7.8797927,41.161106,49,572114
-10.8750925,-30.208279,50,592669
-33.04573,8.014128,51,630111
21.07486,-10.506487,52,592273
-41.68345,-0.03087401,53,502671
-50.24818,-0.39303818,54,571875
-13.545438,32.925934,55,543105
33.329857,-25.145798,56,500208
-38.969185,5.0040846,57,571976
37.648525,-17.167757,58,516416
2.6330013,-6.868977,59,571812
50.07603,9.483064,60,622534
27.054062,29.107069,61,489267
25.99673,-16.71918,62,596143
48.444344,18.496855,63,571863
-36.9659,15.805875,64,518560
40.618835,-23.202433,65,457705
26.168276,-33.991783,66,570256
-10.286132,25.542143,67,444379
-49.5864,16.609688,68,595386
16.121435,3.8647304,69,461235
44.482674,-1.3895776,70,594824
-1.4926943,-29.93327,71,572039
9.816037,48.193665,72,425877
-30.095816,10.105385,73,465753
39.425613,2.7736173,74,518700
30.451473,-24.689978,75,593700
31.270967,-21.908785,76,459964
32.554077,-1.8634632,77,649557
-35.5535,-17.405977,78,572761
-9.242753,-18.831661,79,571431
27.696114,20.265066,80,545341
-34.655193,-26.354567,81,576397
16.442137,-32.2993,82,425509
22.920511,-11.196917,83,628356
34.740456,-29.88731,84,624428
20.743053,-46.308414,85,500874
-3.0952704,42.495457,86,285064
41.536373,-6.6977153,87,425794
44.512344,-1.5505246,88,596129
20.211666,-23.00204,89,572122
48.16819,1.342284,90,429711
-10.534818,5.4623246,91,621566
-4.1576085,14.960654,92,518649
-26.840313,27.49018,93,622194
22.85118,18.970865,94,572287
-42.131943,16.235693,95,502523
39.203297,-1.214146,96,628338
33.00558,-18.813498,97,502273
-10.005782,15.244341,98,475174
13.800919,16.308134,99,592387
14.192703,-22.30139,100,640461
48.357178,-17.444952,101,621563
16.317713,-37.28119,102,455104
-26.707415,-28.727882,103,592325
-20.330841,-1.6371342,104,493193
17.089893,40.555332,105,543760
5.874821,-25.224798,106,519295
24.758356,-7.524173,107,429664
-19.020546,-4.7565703,108,519390
-6.6141777,-28.781435,109,493472
29.432955,13.006216,110,624424
11.982316,-4.493067,111,607043
-5.877332,30.788391,112,446263
-5.299735,-12.009941,113,520471
-23.192225,-34.401695,114,571437
-11.686019,-0.98811096,115,433217
16.043749,-0.24865317,116,519237
-8.78181,5.2410603,117,429667
2.386417,26.587214,118,596748
-25.887724,33.91649,119,457477
13.2892065,32.25885,120,608703
-22.706871,-9.837848,121,501571
-29.32784,8.653479,122,546318
-4.6562667,17.95324,123,517370
-40.26617,-20.84983,124,514917
-27.71348,-31.979427,125,605125
25.362572,18.697674,126,571841
19.446514,-7.1618223,127,608700
-20.023308,-7.4802375,128,430637
35.645527,17.668282,129,425766
-23.392052,-7.492503,130,595191
-23.18652,-38.305286,131,457803
2.8597012,18.578634,132,434158
-23.972845,-26.215464,133,593679
6.3954844,-21.450867,134,452678
47.50589,-1.2721546,135,641313
11.104929,-39.363503,136,594809
4.3343716,4.537452,137,543776
-46.677666,4.64391,138,573627
18.800377,-18.880499,139,593934
-17.48829,19.084246,140,543257
-34.806343,9.770824,141,593871
-0.2311432,39.153034,142,621439
-7.033415,39.369987,143,570560
36.261658,11.21235,144,553882
-41.628433,-5.157534,145,453943
-3.9162405,42.476105,146,541645
14.107142,-5.7779765,147,502582
0.90459293,-9.4010105,148,571974
13.216708,25.383095,149,596146
-8.702395,-13.09922,150,547989
34.77648,-26.540539,151,466320
31.188951,-15.5180435,152,488671
0.6013461,-48.24518,153,500871
3.0072498,-46.395763,154,408047
9.040446,5.438632,155,453568
-26.69119,0.3833867,156,518614
22.005507,-6.4322586,157,542436
-3.0279303,-30.280443,158,518653
35.30446,-1.9389902,159,572180
30.64231,38.666576,160,606115
-37.47316,6.3169565,161,541650
-9.529617,-13.2592125,162,570267
8.172988,-15.573068,163,506924
-23.125483,-8.93633,164,641958
10.549912,-30.00247,165,608596
-0.21764249,-45.757076,166,471865
7.572892,18.16896,167,571448
-48.178196,-3.8124979,168,474892
22.027733,-33.503128,169,592680
-12.898218,6.0616813,170,542340
8.789635,0.6477596,171,621311
-27.905874,39.21428,172,606132
31.76311,-22.721083,173,642162
-21.820032,-16.021456,174,444489
-9.337523,-7.378014,175,571697
6.6112924,-3.407738,176,500887
33.222797,-3.5710928,177,608566
-9.264537,2.3529284,178,543590
26.617424,-25.028057,179,572788
12.5689535,-37.77115,180,489305
-7.882147,36.268456,181,571506
7.8333645,28.466145,182,592885
5.0358567,-10.001569,183,452220
-39.47335,5.5070167,184,519208
-27.275883,35.600754,185,547180
-50.167988,15.035018,186,519184
49.091316,3.415728,187,607208
41.774403,-9.9215765,188,502317
-30.030136,-3.998107,189,571851
17.868172,50.005005,190,600474
-43.01918,-8.466881,191,425796
-29.792961,37.055904,192,542513
2.730341,16.465124,193,519317
30.576729,-0.8007084,194,570639
39.074955,-0.38666156,195,588751
23.840788,-12.773291,196,543329
-7.062302,-11.812821,197,518618
25.95442,24.44342,198,543829
23.063526,10.624093,199,453400
3.661993,1.3704455,200,502517
-13.044703,-36.042934,201,457787
21.136843,-14.77803,202,400085
40.692062,-18.01183,203,453286
-46.541145,-8.871186,204,446653
-8.400635,-24.198895,205,594694
18.85374,-12.270507,206,475582
-23.732588,36.688046,207,445988
-2.2690759,23.94785,208,543408
43.505333,26.337975,209,574847
8.848789,34.68886,210,624577
-8.595258,-7.2522116,211,605131
-10.259688,29.869076,212,444843
12.845546,-6.5841947,213,605412
5.4416394,-33.041386,214,434636
30.288975,6.1128435,215,543063
40.539333,-2.402858,216,452254
13.638099,4.915636,217,457763
2.1891854,-6.917158,218,474832
-19.722187,-2.6158383,219,452655
8.767767,-6.404849,220,502210
-12.925853,-8.20883,221,571771
-22.61318,3.464328,222,518586
23.590908,11.524298,223,519043
-21.340874,-22.012207,224,543216
-6.1501436,35.400894,225,592626
8.961087,10.33305,226,518735
34.72443,-9.563698,227,608369
-21.154709,7.2473197,228,457759
-25.077625,19.156256,229,400284
13.483412,25.227781,230,408236
-11.696924,8.698375,231,435062
-25.56503,18.371794,232,628317
-0.16405942,44.04827,233,545358
0.48235556,5.361039,234,607223
14.559937,-13.923446,235,503556
-18.406929,-11.392447,236,643603
-1.6591966,-12.452472,237,514888
-32.858624,5.382099,238,542908
53.69237,1.4494776,239,502544
-18.124666,31.042439,240,592230
-18.56299,31.002855,241,643393
-13.490255,13.298065,242,606192
29.499918,-6.2621,243,545350
-39.709892,-19.379065,244,592567
-0.13142474,-8.009066,245,460060
11.592176,-40.78574,246,542208
5.862983,37.88122,247,542364
17.633095,0.091406606,248,596847
25.468523,-28.501713,249,527043
-24.360989,-34.132423,250,543068
40.121685,-24.804522,251,545361
-27.01534,23.058264,252,594777
13.903879,-12.199108,253,488862
-18.710865,-34.208656,254,592743
-31.390116,18.983643,255,543807
-11.347186,27.353838,256,457708
1.6051459,-1.0481434,257,502110
25.341263,-1.6568923,258,408234
-15.497799,20.461554,259,457727
-24.961124,-24.527119,260,518692
1.1377943,-32.756,261,611177
26.640093,15.797899,262,542255
14.252608,21.839195,263,435079
5.2603498,-5.6019874,264,400121
-9.54328,-20.447025,265,578428
49.46014,5.1438437,266,605480
-14.732705,-34.985054,267,621020
-22.79776,22.651026,268,607054
6.8851595,-38.975784,269,543510
11.293915,15.414651,270,592206
-11.570721,5.995113,271,452095
-36.330868,11.763405,272,455976
25.482685,-46.638016,273,461314
-24.411152,-37.871807,274,527054
6.113776,31.401663,275,434378
-1.5765762,-4.748605,276,449181
31.529339,-28.170567,277,521692
-16.096966,-39.28386,278,537953
34.158127,21.386312,279,571980
-25.49677,23.26385,280,434658
17.957611,-3.7418778,281,502082
-22.951717,25.870935,282,593160
20.089233,2.7151744,283,542993
38.116802,12.139518,284,460077
6.6732254,-3.2722259,285,608070
12.897908,-37.5214,286,435063
32.476204,-41.691086,287,596019
23.882462,37.063034,288,543401
-12.214934,13.739729,289,467793
6.1158714,27.64251,290,424825
10.12863,22.681551,291,596144
-19.262938,-14.221462,292,444876
-28.855867,1.7861587,293,460086
-22.38133,-21.186134,294,434778
10.162979,-13.197227,295,502481
-3.8624902,32.191814,296,543228
34.738888,-32.710155,297,454975
25.670708,-7.7771144,298,573113
12.516356,21.59468,299,571466
-20.10013,29.262108,300,575929
-29.730255,25.256933,301,471083
48.35302,13.465167,302,519333
8.35818,-27.75662,303,493128
-6.2647614,47.271133,304,546991
34.056835,-25.795074,305,458085
-12.188435,48.59138,306,595879
39.413975,-21.357521,307,553993
-29.709644,5.1164355,308,594988
-3.1556754,19.178865,309,594807
22.055994,-35.494713,310,458015
42.304695,4.9543047,311,600303
0.6684572,37.868378,312,543148
27.11184,43.092354,313,475243
19.752737,29.861124,314,474443
-17.250284,-39.150284,315,606299
-48.962387,5.947946,316,541608
-43.30964,-17.823776,317,624585
16.439991,18.522423,318,608365
32.20662,-19.010399,319,450314
-37.54801,7.3775897,320,519203
-12.067071,18.19541,321,623182
10.78444,-17.845589,322,592178
-7.037925,16.138906,323,451594
-15.058137,24.484217,324,543294
-13.570114,13.11606,325,518792
21.098381,5.2165346,326,596112
-13.930209,23.453703,327,458731
-5.0661807,23.32411,328,456714
-35.523453,6.387421,329,591720
-16.491959,-6.661194,330,448801
10.675858,-37.609337,331,446308
8.460091,2.8070912,332,444432
36.222435,-19.694754,333,543305
-15.677054,-3.8979895,334,544369
-0.37788484,38.606373,335,592122
37.8599,-27.382719,336,435263
-6.107671,29.487541,337,596142
-10.85881,-30.741884,338,453056
7.2899957,13.751447,339,592518
8.146732,-22.99941,340,430945
1.4087912,20.14094,341,456422
2.7734735,-22.583101,342,456781
18.199974,-19.985933,343,429666
3.0196877,-30.954226,344,547957
4.9727335,45.899464,345,570731
40.247852,16.65673,346,407893
32.670033,23.209291,347,593523
-1.961755,10.51971,348,543768
-2.5299802,16.968563,349,543877
-12.744364,1.162564,350,431094
24.228693,-13.468256,351,519048
35.497612,17.571156,352,543543
-14.180986,3.3883262,353,435064
-23.244879,10.150425,354,545338
-3.0527947,36.3797,355,595281
-46.824284,9.860596,356,435622
44.639698,4.2162914,357,596059
-3.415815,-23.943913,358,445055
26.400925,10.831038,359,519083
-41.66789,-28.640604,360,641319
-23.191078,18.957886,361,506560
10.604514,30.378876,362,591712
-35.909386,-26.734646,363,605151
35.207348,-20.94459,364,453385
-32.666653,-37.494316,365,607732
-22.636843,-3.3198004,366,605137
11.048695,7.502848,367,407812
-6.6698017,9.266425,368,571757
3.7062812,26.076267,369,446481
38.979137,17.46466,370,641771
32.75691,24.895374,371,443558
-18.69388,-22.917269,372,491696
48.462135,-17.400293,373,547982
9.605411,48.415443,374,452252
-26.241177,34.51848,375,501981
-7.6735926,-20.224215,376,493114
-16.83892,-15.262193,377,502143
-2.6620636,-23.731688,378,606466
30.773792,-27.931162,379,452234
-23.274742,-1.6519676,380,493316
-21.424566,-12.763963,381,408314
48.23462,-2.0460086,382,518595
15.362121,8.965723,383,573131
10.8534975,51.8959,384,608061
31.608482,-25.622995,385,112526
-21.636198,19.407192,386,607309
-11.107518,-31.054785,387,503437
30.700842,11.398903,388,518542
14.237754,22.59809,389,544725
-35.147507,-36.048977,390,572821
-31.095612,-15.104442,391,460075
39.674217,-12.225836,392,455117
-1.3700817,-34.073944,393,547172
15.1046095,-21.342152,394,503449
-21.806353,15.308593,395,656546
19.560335,28.654179,396,605439
28.953075,-33.072906,397,425772
-26.899687,-24.583908,398,543685
-9.405045,-17.748056,399,571718
7.0297503,3.632276,400,500743
-22.998064,14.809292,401,572191
-21.441332,33.472492,402,543699
20.267975,24.692486,403,612672
-36.560905,12.814382,404,493596
-41.8397,-8.388046,405,491676
12.688797,-48.064545,406,621389
33.78004,1.8635511,407,477132
5.1459794,-11.850893,408,594828
-18.789932,10.144817,409,621043
0.113670774,15.4323845,410,493329
-16.19992,18.724546,411,492802
46.770126,-19.313095,412,457454
-44.328213,-23.870684,413,489232
-4.710006,-34.4478,414,430947
-14.379175,41.99595,415,570615
40.63861,-2.6219049,416,594760
-2.7088673,23.976103,417,519455
-28.918106,-3.921027,418,570481
23.454199,19.833078,419,547379
-25.272696,-27.15607,420,501659
34.379814,-18.547928,421,592731
-33.88877,36.363262,422,424325
-5.63933,0.3247991,423,452657
-44.642574,8.091304,424,534947
16.257648,-8.009336,425,476883
8.520434,-25.80925,426,519222
2.8881638,2.2488484,427,452104
-10.796986,-31.837017,428,516770
1.7379029,-37.884617,429,608701
9.082516,-33.972115,430,425900
33.645065,1.8297416,431,475253
14.494219,6.4552946,432,578570
30.208298,38.54484,433,456078
30.101011,-34.832542,434,571578
-28.47261,-13.663238,435,593647
-18.276472,-10.92528,436,429719
-11.924282,49.252903,437,640463
-17.184078,-11.8695965,438,608671
-38.774582,8.805581,439,543939
-34.746716,-1.6523893,440,593372
1.1771497,29.03925,441,607192
-6.96015,39.62301,442,571830
-48.053032,-7.401945,443,425784
17.895987,23.897314,444,594742
-40.724083,-12.329594,445,607229
-20.254974,1.4691846,446,460026
1.1621716,3.4510076,447,518452
5.9566264,-15.591128,448,608718
11.002528,-21.335903,449,518934
17.503765,6.2514973,450,592663
25.596159,28.580807,451,542303
-16.47074,-1.9552257,452,150029
10.010325,51.55944,453,488768
-30.691208,-10.851263,454,621035
38.724937,11.885717,455,434563
10.6005945,-46.95783,456,592808
-15.6804,-16.307962,457,518516
8.74536,-2.5928977,458,605509
-7.396674,9.677939,459,448179
-50.938633,-11.746866,460,488771
-15.189023,-15.072933,461,453203
-27.536837,-33.548496,462,593495
23.956736,1.1643159,463,474319
-8.925218,-35.151695,464,488818
2.378322,-25.330523,465,596057
19.167004,-33.681824,466,605538
16.48691,-5.1903906,467,609275
-26.89046,-20.67418,468,641531
-22.242144,41.554924,469,446386
-20.654987,-29.777063,470,543333
1.7280264,27.26494,471,595001
-3.156872,-10.051963,472,594772
-11.697107,-29.040197,473,592863
-33.25225,34.533966,474,458913
21.81164,-45.951607,475,453211
13.498189,9.966561,476,454560
22.556036,29.022762,477,466988
-25.434475,6.528751,478,547004
26.13964,-22.284237,479,503351
-37.82672,21.052572,480,518567
-29.575085,-20.969557,481,605396
-4.955539,-25.68196,482,476451
11.920274,-32.424442,483,571970
-18.768637,5.5954123,484,608672
24.950338,-0.6227407,485,474463
26.12637,-15.835635,486,543184
6.8535795,48.939198,487,628711
-0.037071582,39.325176,488,592620
-3.2002773,-17.165539,489,456501
-42.770622,9.532685,490,467827
27.752186,19.696066,491,592351
-7.285093,19.861961,492,502054
-13.534367,-19.1377,493,573185
41.02424,-7.710825,494,621052
-32.535835,-26.436954,495,474568
-20.058167,-7.3799357,496,467100
19.021997,-10.607848,497,501896
8.091824,-28.763428,498,642239
-35.07421,-7.761281,499,571918
32.397587,-39.058174,500,452672
23.870378,40.27342,501,598284
-19.358778,31.38499,502,625643
33.93431,11.810489,503,592662
-34.036255,21.3231,504,605452
-9.058473,-30.96393,505,607345
-12.964382,48.158302,506,605183
-47.637352,17.242603,507,608324
5.056058,47.101337,508,502034
7.1418552,13.868542,509,605388
36.932545,-28.154104,510,592314
-1.8569058,1.8256468,511,463610
-38.21045,-23.394815,512,607625
49.91059,6.7731752,513,570632
-25.943596,7.992167,514,477165
37.650845,27.641216,515,606131
-42.041508,-1.8808784,516,592254
1.6698942,-3.5215619,517,543022
14.148468,-30.49848,518,502188
-25.959322,15.629322,519,543101
3.749838,-11.4698715,520,502190
-19.437153,18.437988,521,592791
-6.1586504,-11.645847,522,453562
-45.441334,4.1915646,523,592407
-41.817276,15.762859,524,446381
-2.9720151,13.065474,525,460099
48.440445,18.584538,526,641820
8.22392,38.477932,527,572365
37.471024,-22.13161,528,571946
-6.1518025,50.552383,529,461829
-35.798958,1.9473456,530,596451
34.674477,-4.2882676,531,592789
38.99869,17.636143,532,435559
12.349651,-33.672894,533,572863
-14.048559,11.3780775,534,453923
-20.00669,-1.0632133,535,492841
5.222059,-46.609386,536,592444
-22.894772,16.56629,537,461865
-35.14365,25.066381,538,607385
18.447374,-11.876108,539,553988
22.076101,-31.005587,540,446192
-9.127794,12.562369,541,460269
21.797987,-50.097534,542,542583
18.509775,32.401604,543,408252
-7.023304,-33.070847,544,465041
-14.604984,-5.8902464,545,516782
11.518568,3.3561513,546,407793
19.40104,11.807115,547,405395
6.8604965,35.314552,548,543045
10.620361,8.039965,549,451705
-21.85286,4.889291,550,430910
-8.735359,-27.622574,551,608348
-50.357746,0.21694703,552,607257
15.206255,-20.600285,553,608379
-42.974518,19.179787,554,643327
33.84021,5.385587,555,467092
-17.024746,21.66619,556,595918
48.75953,13.719929,557,408045
-22.54222,-14.526979,558,623143
-18.770409,-23.089977,559,456488
-22.87861,-8.202101,560,501303
-6.8226686,-34.37412,561,607776
33.6234,-2.6055043,562,608325
22.226759,-13.290144,563,595751
43.158665,2.1634984,564,622097
2.8599017,23.731012,565,542881
-5.333367,-46.935287,566,435221
-8.895793,19.694157,567,605232
-2.5473976,11.392138,568,543376
-13.458806,-46.35479,569,473724
-31.894728,-7.250803,570,434628
-47.91524,-3.6318448,571,606160
-13.446579,-26.0242,572,430605
-5.0522504,17.935993,573,543380
8.760078,28.04339,574,600524
-31.581211,-22.922798,575,544150
-32.74439,-4.573457,576,570663
31.410145,31.179447,577,519294
29.10531,-18.610378,578,548389
9.221891,50.949352,579,605200
-0.16673255,1.7878218,580,502624
-0.58206826,-12.430589,581,488721
-5.494348,-37.271275,582,543734
10.207707,11.805557,583,448802
17.741566,-36.699142,584,596133
29.43492,-24.481598,585,519076
-1.9390326,-30.390799,586,543557
-50.777786,1.7125974,587,573135
24.201015,36.94332,588,595963
20.550753,-10.878061,589,519242
-23.841465,-3.8180282,590,543901
31.589836,-3.743334,591,516949
-46.9996,-9.653252,592,425844
-18.343369,28.94585,593,605228
-9.850916,6.3489323,594,572750
-26.808277,8.781108,595,407822
23.696224,-15.479589,596,595345
34.033566,12.424308,597,643230
13.77865,-10.472378,598,490063
49.982906,9.394561,599,518568
-4.1068654,-2.6144035,600,534627
-42.106747,-11.414447,601,448306
-14.57959,-20.162785,602,430001
-24.774275,-39.49977,603,519306
-16.620728,-7.6446104,604,542455
22.697382,19.831566,605,448602
-32.945354,-16.26492,606,543054
15.5773945,2.0316262,607,547179
12.390896,-20.329258,608,502043
-41.027527,-1.8292377,609,493200
-12.861086,38.404865,610,592866
2.39954,42.500305,611,592696
44.389076,-11.846349,612,429722
16.635303,-9.36874,613,592779
-23.364304,-14.160263,614,458675
5.9818873,-16.199747,615,431171
-25.006996,18.352474,616,453281
43.685345,25.008358,617,489365
30.260073,-34.946987,618,621244
26.432465,5.6926365,619,542979
42.932518,-25.079565,620,475247
-15.105286,17.504944,621,605253
31.947958,20.724997,622,488810
-25.69101,8.264094,623,570489
-39.671528,-18.884123,624,448855
10.3974285,-17.705585,625,592593
43.542503,3.5280998,626,605222
-16.20016,-30.236252,627,592450
-6.0571337,-18.44253,628,543037
-19.394306,3.5763314,629,502009
-26.609718,30.273573,630,572102
18.470442,10.986793,631,506747
-23.017643,-2.6234848,632,660162
16.193804,-18.415728,633,456665
-26.957685,-9.107033,634,489149
32.193256,33.376892,635,503444
34.396896,23.882286,636,455755
37.897694,8.796336,637,150229
36.81226,27.129026,638,527038
2.6784654,-1.7804356,639,607231
-5.3038898,-36.557365,640,435180
-1.7738049,-25.391817,641,446359
3.52207,32.626846,642,543281
-8.646244,2.785772,643,571800
9.389013,16.637785,644,543308
-46.99128,-17.025013,645,543302
5.5213456,-10.179943,646,572041
45.980904,-3.3020182,647,497807
0.62463045,33.464684,648,456715
3.587533,-28.138273,649,571553
33.890465,-25.184492,650,592647
-11.322182,38.61134,651,456034
-18.313957,-15.801141,652,462382
-43.774963,13.571012,653,608337
-13.198179,48.42998,654,544931
-8.141683,-8.764957,655,461858
-13.25097,7.5112953,656,453329
46.904785,2.974506,657,554234
-10.685295,1.9206009,658,519141
41.785774,-15.324034,659,622110
-2.5881972,-37.889038,660,571740
25.435717,41.139694,661,592826
22.232815,-43.66234,662,594798
40.749874,29.275743,663,542921
-11.487577,45.60138,664,502032
-1.6633006,-28.199656,665,453646
-30.358604,21.452534,666,542194
4.9101686,-41.948395,667,502046
-4.1996307,-14.466478,668,592811
-12.265392,-39.258698,669,456701
-17.932743,-6.691192,670,435522
-14.345147,-5.0054836,671,594943
-53.353355,-10.536744,672,542454
24.51183,-46.137867,673,611093
15.533905,-41.108517,674,553883
-43.358513,-5.2131624,675,474865
-50.723373,2.9840088,676,475479
-17.439428,-22.566933,677,448605
21.02902,-39.911263,678,446321
-1.5874643,-33.649216,679,518875
17.734718,-6.569474,680,450172
-10.236237,41.025593,681,434622
37.983093,-19.827583,682,506433
32.18372,32.68746,683,518716
-23.6911,-4.6514935,684,543521
30.39394,-37.55826,685,572019
-25.5896,-31.292196,686,571710
31.263517,26.47563,687,489119
-22.201305,-22.436214,688,502706
-10.672459,14.118596,689,570649
-13.9123535,7.3021016,690,605397
-35.19186,-12.313805,691,547007
10.669449,-17.747234,692,434442
3.2400131,35.220295,693,431148
-27.813377,-13.614068,694,450729
39.498203,21.784449,695,592433
-1.1516799,5.2252417,696,502239
-3.9569714,32.641094,697,552662
-22.537569,6.74021,698,502100
32.246822,-38.89813,699,519082
-19.893505,15.778388,700,570717
0.7934997,30.581987,701,605227
33.48993,-16.949564,702,430912
-17.91544,-11.241488,703,477003
-20.322046,24.059885,704,502285
-8.148248,-18.214092,705,518466
-19.16638,-18.983067,706,519421
-15.065577,-10.861023,707,501697
-32.756947,-32.195568,708,592835
28.53313,1.4871292,709,279571
-33.296032,22.532564,710,449107
34.58526,-5.2176757,711,571927
-35.805866,9.303846,712,543213
7.5096984,35.94559,713,434567
-26.015461,13.424123,714,605894
-26.031887,31.215294,715,451661
8.785197,43.03187,716,430661
-0.99917346,-8.785573,717,451596
-3.4973505,-8.833479,718,592332
-44.69261,9.388441,719,121347
17.210678,30.199566,720,425532
-19.558712,-26.92828,721,548337
29.367622,21.397884,722,607074
-14.916401,29.473156,723,643354
-20.472025,19.96755,724,605164
31.615646,-2.7145088,725,605512
13.316139,-26.019575,726,433584
33.62016,9.1048155,727,445060
0.55755794,-4.2854013,728,458708
-46.566334,-16.74609,729,456167
-31.610613,-18.635475,730,602922
19.735685,30.342743,731,450308
-8.695038,-23.960436,732,545333
-26.215658,15.626704,733,430935
25.65487,28.58001,734,621107
-40.277596,5.06089,735,502028
21.250128,-14.786523,736,642003
37.40967,-12.447807,737,520980
17.898615,-20.029486,738,475100
-25.890574,-36.556007,739,594795
-18.070793,2.3120716,740,593958
35.059803,25.05955,741,444482
36.398212,-7.6943617,742,453214
28.338406,6.325255,743,518490
25.993158,-35.72318,744,501255
23.822104,-3.3250825,745,472610
44.30316,3.7930753,746,621559
-20.95906,12.938869,747,476704
6.2468767,-18.606052,748,547888
0.96832126,46.577,749,457775
7.2071805,-20.966665,750,605508
-15.917588,34.249496,751,282332
34.4382,-2.0242796,752,621242
-11.696605,-25.339735,753,433587
-6.4229593,45.40037,754,434538
34.836708,23.388136,755,433589
22.536615,6.5170608,756,408241
13.840752,1.3016852,757,607457
29.279922,16.052406,758,607067
-12.361073,22.416225,759,346874
-40.655327,12.838191,760,596115
43.290833,21.217106,761,455369
12.333649,7.886947,762,501992
6.722709,-28.756283,763,547874
10.1283,-13.879511,764,605400
-11.401837,-43.855885,765,572020
10.144195,22.561373,766,430603
-11.208289,16.575375,767,502261
31.030487,-11.578917,768,519085
-1.0135087,33.071095,769,502205
-12.702656,6.2504644,770,519168
14.203383,-5.6408777,771,502042
16.910774,30.948753,772,472528
-43.770744,-19.783806,773,592239
17.658834,20.586967,774,645848
42.139137,24.153975,775,553869
1.8978428,16.4663,776,595307
-11.2164135,-18.535952,777,519445
50.099617,-10.610985,778,519025
43.208244,-23.746632,779,488681
-49.733276,-2.2011044,780,516809
23.958115,25.254547,781,544928
21.915504,-44.94748,782,605113
-18.595488,-29.87975,783,543434
26.693325,35.25582,784,573186
-8.9441595,40.63199,785,542674
19.910944,-40.48971,786,595025
-32.169426,16.490307,787,572073
31.790531,-20.424105,788,449173
3.039654,-17.682592,789,592717
2.6861773,18.436398,790,542882
-31.601038,11.339919,791,543475
36.640682,-30.39639,792,605483
2.5999358,-46.289486,793,543706
24.700388,19.292763,794,425902
-4.3020496,-2.3402822,795,592767
-37.662315,-23.090294,796,514913
-1.2767882,-35.318165,797,456124
16.898832,-14.320694,798,553878
-12.733617,26.90206,799,502374
22.55689,17.438295,800,474521
-36.4575,23.863316,801,543424
-7.0142255,27.501766,802,527048
22.9545,1.0602117,803,572204
-7.026271,45.41069,804,453172
-4.2156167,25.253077,805,476589
28.929962,-3.3157804,806,491708
-11.259253,24.403421,807,474233
26.721714,-44.799786,808,424144
17.82047,-5.957634,809,516910
-34.644455,7.435406,810,547943
17.768936,35.78483,811,600869
22.86105,-32.813847,812,501822
-11.7868595,-36.499664,813,461416
-38.841545,16.203653,814,504379
17.185394,29.049974,815,628452
-20.700743,2.6092274,816,501957
42.69255,4.272706,817,518774
23.877127,33.404827,818,643338
-54.163128,-10.346588,819,407908
5.7656255,23.779936,820,607359
-18.42625,-12.84635,821,518633
34.022358,-6.3041677,822,572033
-21.56757,-21.401663,823,543135
-18.630566,-1.7403547,824,543391
-42.837296,5.188896,825,453178
10.616355,-13.001386,826,571602
-18.194046,8.169434,827,432934
43.795406,-5.2850533,828,517593
40.169758,-25.335003,829,605218
17.65925,-8.0516,830,600301
19.490257,-0.41561028,831,457918
-13.09053,-43.678265,832,456071
37.524296,27.629395,833,517414
-53.59037,1.3896971,834,425492
-32.689697,-18.618603,835,608665
0.77135676,-23.400635,836,666560
27.79336,13.14635,837,446372
42.28103,-25.103174,838,543118
-38.297356,-2.8724177,839,605304
-2.0968518,-12.136765,840,462136
21.26672,5.028636,841,591693
30.802324,-12.773408,842,608717
34.925777,-8.21194,843,596043
12.068408,29.559555,844,623166
18.788395,24.492655,845,534606
10.0262785,-7.2960105,846,502182
-51.765087,2.4189277,847,519344
18.729464,-11.345876,848,517448
28.959171,25.030682,849,457926
-16.067665,6.3548656,850,477195
13.044448,40.752415,851,607259
-22.40672,-0.37254363,852,444468
28.962038,17.463108,853,502211
-22.862514,15.0869,854,542992
-24.18608,16.41283,855,571871
37.76455,8.796733,856,628329
0.9968227,-2.9460282,857,571681
-3.865874,32.3945,858,571963
-6.468717,42.42301,859,592710
27.65669,-22.208952,860,623395
-29.17213,25.699629,861,642229
20.97346,23.467325,862,453895
11.6002035,-18.509054,863,502676
9.381471,9.147575,864,519263
-10.327198,3.6725898,865,543243
14.260445,1.5767926,866,457706
9.132663,-16.958178,867,476633
-33.055176,-10.977411,868,276519
-5.348248,-34.747444,869,543606
-32.203995,27.30651,870,430580
-25.878103,2.5784786,871,534910
34.66976,-10.887764,872,640455
-14.868833,-12.385744,873,519144
-6.3078523,-16.434776,874,518625
8.840932,2.001234,875,519301
-22.0636,-2.6101751,876,621209
-23.485516,36.323586,877,502327
-30.072693,9.989584,878,543272
-18.393576,39.109512,879,596119
17.937387,22.820812,880,468504
-41.911045,-11.661177,881,543742
20.028622,16.72944,882,546276
-17.86609,2.2869303,883,543746
-12.533143,17.381912,884,408307
47.87259,-1.608097,885,408299
29.181173,-26.057138,886,518953
54.37991,1.2586263,887,425657
7.4087715,-43.15678,888,458006
5.7473226,15.6212015,889,456068
-29.096786,25.759235,890,407781
25.994366,-4.0725546,891,444857
32.354336,25.182415,892,621121
7.906515,23.493105,893,457574
-36.345913,2.818451,894,622072
-5.058241,-27.163504,895,500779
32.924797,6.924693,896,554429
18.384869,44.23546,897,518715
16.358639,38.397728,898,431151
-26.55956,-19.05686,899,458582
1.3707024,18.727285,900,595023
14.768563,3.4948413,901,523989
16.692812,17.84675,902,519058
-9.812491,22.443401,903,518883
-26.011217,14.213306,904,621199
3.1702886,7.8021398,905,518991
-7.9360943,-31.187342,906,570714
1.7622415,5.6659803,907,517369
-22.746622,-38.410854,908,502522
-43.459465,2.4109025,909,605182
15.904101,9.322303,910,501381
-20.652578,-36.03259,911,501625
-10.827112,27.769566,912,533167
-10.015662,-10.364415,913,425626
5.824581,43.47584,914,544925
-11.365404,6.3499517,915,572309
-9.191575,1.0235366,916,425856
6.6173005,-38.621933,917,285079
-15.951853,-27.986685,918,501888
-9.89428,22.454437,919,543238
-25.694118,-9.145054,920,605242
33.238304,11.09451,921,434671
-24.007288,-26.600399,922,488726
9.720056,-45.207066,923,592192
-6.559878,-30.724049,924,449168
18.38092,44.182064,925,457789
-15.456347,-2.2002974,926,548357
-17.393724,-17.008043,927,571882
7.001252,17.579483,928,607374
0.36627853,-43.58644,929,476570
30.73851,-16.824318,930,643297
38.092503,-22.177914,931,458678
6.2411776,-16.360155,932,543456
10.249242,-46.8853,933,519023
-7.5138903,29.852259,934,502226
5.460243,-41.33993,935,543859
-16.682089,-3.0905657,936,594951
-8.987078,-5.2813406,937,472551
22.900154,-3.7003326,938,608648
-0.5493001,-12.187011,939,502457
-5.684405,-8.127501,940,450203
-6.011141,3.7445567,941,461833
27.040045,1.4462974,942,571561
20.746513,21.261477,943,453265
-10.678136,-29.864609,944,621281
-32.190876,-7.836351,945,499624
16.821358,12.336749,946,543548
41.919056,21.038877,947,429780
-12.263827,37.834923,948,518577
28.41211,-9.786594,949,605486
-31.61509,-1.1748669,950,501986
-37.221,-17.630098,951,572362
-1.740156,-42.935764,952,501936
36.134365,0.88867444,953,543532
4.807279,42.90286,954,572888
-26.909418,11.083859,955,434604
10.409213,-4.5931964,956,493343
-31.29037,-9.923553,957,572096
52.470905,-4.2663956,958,572971
10.691882,3.881572,959,467055
8.298591,7.093671,960,592274
39.60843,-15.037908,961,457768
-26.84721,12.884289,962,518911
19.569271,29.133257,963,467008
-22.468264,-20.65901,964,656941
-24.662397,-4.376131,965,475115
-36.85923,-5.459808,966,622017
-32.778767,-10.934027,967,502117
17.65597,2.659949,968,660168
28.069887,-1.45683,969,664058
-47.70391,18.633183,970,643364
-6.7586546,14.025663,971,595887
18.622997,38.84433,972,621493
-22.369822,-21.04889,973,607430
7.6216965,37.552094,974,595885
-23.51525,37.822968,975,642180
20.775415,2.5686786,976,620446
1.9044777,-37.862206,977,640449
-25.265648,-22.950567,978,609280
-12.552409,-34.669346,979,605357
47.76479,17.607805,980,595238
52.565765,4.2997503,981,545337
-9.553278,-15.803538,982,642707
-19.641293,-12.0582695,983,624507
1.8033234,-11.209621,984,502570
20.503672,-4.649119,985,645302
22.434414,-7.7092133,986,506703
23.504755,26.653221,987,607471
26.144386,11.10493,988,656669
2.8805194,-27.953156,989,591741
-13.786784,-8.884765,990,605795
-35.186947,-36.170704,991,641432
-5.9176793,-2.3482668,992,656305
-9.860825,-2.7930536,993,543362
-18.87664,35.179684,994,592685
14.340279,35.33615,995,620439
-34.029987,12.047344,996,642708
-18.243881,-3.6770692,997,608384
-26.364832,-4.6127305,998,656555
-26.447151,-5.1805787,999,641487
-28.953793,-6.308225,1000,621512
-3.4857256,-39.975235,1001,642086
-27.60154,-28.09426,1002,595284
-10.455232,-0.01821693,1003,595943
23.738491,-40.21885,1004,607369
-34.597466,22.701088,1005,601713
-37.973392,-1.5218277,1006,623167
39.45761,-22.62221,1007,664056
18.605526,-18.356878,1008,572228
25.132662,-8.94198,1009,450641
13.0670185,-22.261301,1010,622270
-15.835385,20.896395,1011,591971
17.219273,-17.591887,1012,657557
25.740625,-35.676384,1013,642423
41.064957,31.363436,1014,621433
19.517921,-9.6902275,1015,519346
32.429928,-29.11942,1016,519299
3.9040012,-13.944951,1017,658792
2.374652,0.2302136,1018,656427
3.115575,34.480564,1019,641857
-28.841635,-6.427038,1020,643565
11.808802,3.271033,1021,657077
10.458711,33.416977,1022,641355
16.98394,-6.4518156,1023,641796
-45.175888,9.028913,1024,571657
-19.746078,8.54257,1025,607752
-9.100594,-1.0721961,1026,605233
-11.031872,-44.711704,1027,646240
35.289215,30.025984,1028,605204
-23.35709,23.301754,1029,519068
5.8414984,18.869276,1030,641598
27.010191,-35.291626,1031,643335
-0.51234233,-18.368158,1032,592348
-31.239588,0.78783387,1033,543089
33.069176,-9.421999,1034,608385
30.495272,-8.479812,1035,595453
-43.576103,-4.256408,1036,640447
-22.834362,-7.9350677,1037,664023
-1.1861666,7.7534738,1038,605170
-23.010393,38.58814,1039,570240
-13.478358,-36.421757,1040,572227
-0.9501585,55.213562,1041,592547
-19.7887,-8.82378,1042,542963
-0.53703,33.08099,1043,650490
7.6626267,-5.3484445,1044,641553
-35.205162,-7.3381844,1045,542642
5.736003,-9.931392,1046,669720
-24.635838,-11.527756,1047,621002
-15.660782,-41.483833,1048,572669
25.226038,21.069666,1049,605119
11.594392,-33.946346,1050,645277
-17.805597,-2.365877,1051,489138
24.680613,31.773499,1052,608331
39.489616,5.861938,1053,545121
-50.25912,3.039298,1054,593528
-27.263231,21.40506,1055,572233
-6.90264,42.910183,1056,570799
-35.23293,-22.518423,1057,593525
29.569672,18.193747,1058,506693
41.8582,19.284943,1059,606930
-47.946842,-18.620127,1060,642156
6.5455556,22.842457,1061,623451
27.755026,-14.969149,1062,642336
-17.10762,17.961826,1063,570482
10.014779,-32.803432,1064,623993
33.979103,13.143015,1065,642082
52.399693,2.114387,1066,622666
22.466108,40.20072,1067,628333
47.540894,2.9195485,1068,592426
-3.2647076,-23.271181,1069,608371
-15.849988,32.759922,1070,593527
0.24776748,-21.014313,1071,595956
-39.35869,-8.074539,1072,594902
-17.738455,-18.541313,1073,656185
-47.56562,-15.501543,1074,547170
-20.222797,23.85349,1075,527049
-14.69618,1.2409731,1076,627894
-31.471659,-29.460854,1077,600466
-9.059202,19.763428,1078,624407
-0.90387434,-11.497668,1079,607219
-1.3372052,27.225132,1080,458681
-2.1431465,-3.6487908,1081,596071
-32.695717,23.634949,1082,643410
27.27272,-8.340269,1083,474699
-18.238316,-13.890529,1084,591994
47.27929,10.368827,1085,656794
19.804394,-30.494427,1086,622441
8.565871,30.731546,1087,620443
0.22871006,34.07495,1088,607297
30.790596,15.86067,1089,659275
-18.967014,-17.527962,1090,623352
-30.050837,-27.319647,1091,664057
36.586746,-13.07126,1092,592836
-4.4187293,11.955023,1093,573088
10.075611,47.14214,1094,547749
13.605296,-12.85183,1095,605540
-40.025948,18.72441,1096,606959
3.1407547,-17.143053,1097,571679
-22.723803,29.405914,1098,596103
21.790184,-50.230583,1099,607536
5.2768664,33.53956,1100,621471
10.904575,-22.104916,1101,502026
-29.977415,21.030567,1102,627500
1.5676403,26.015604,1103,457915
19.42973,-40.996685,1104,607237
-0.049802087,-8.244783,1105,594992
10.651427,-41.640896,1106,641816
8.910555,34.325233,1107,605548
-27.831047,6.892886,1108,544727
-46.07985,-0.12927528,1109,622491
27.710705,5.005186,1110,502212
42.261456,16.701,1111,622766
-25.519592,-23.072832,1112,622608
-13.657135,-45.10533,1113,519037
-21.977873,41.668697,1114,592279
-23.391117,12.207287,1115,506997
17.873955,50.015617,1116,489334
-4.87678,-28.501078,1117,605441
2.950486,35.893562,1118,543038
-4.397761,-39.769283,1119,607200
-21.1389,-36.162266,1120,541640
-43.446747,17.602081,1121,592879
-38.9914,-11.374764,1122,594835
-25.463133,-8.665031,1123,502051
-18.37104,-16.997152,1124,452027
4.4137015,-38.81749,1125,594840
7.9635816,-2.3243515,1126,592741
47.54109,9.147934,1127,622663
13.939448,36.200863,1128,607473
-49.333504,-3.8297925,1129,643265
29.46226,7.8515573,1130,572000
-37.095737,-5.2158976,1131,572140
-11.197461,36.14495,1132,502748
-4.227509,-17.133242,1133,607455
-26.83637,-10.112744,1134,518748
0.4018015,0.8288237,1135,608650
-41.03776,-8.503366,1136,595144
-11.593218,-43.565735,1137,451192
15.444355,35.02677,1138,518397
30.919718,-23.522354,1139,571510
-6.2636614,6.5722175,1140,622497
19.286001,32.37286,1141,446399
-15.308298,11.775497,1142,570810
9.439223,26.51526,1143,621446
-24.360384,4.7560134,1144,434672
28.15908,-11.89766,1145,543432
-13.68019,32.805264,1146,605254
-11.272374,41.44413,1147,595373
45.971565,-10.60713,1148,666561
-40.337265,-21.095356,1149,519008
-44.989815,-22.50888,1150,571948
10.349699,-24.163717,1151,518468
5.094303,26.382147,1152,622217
18.53902,17.591309,1153,571666
-27.28144,17.914633,1154,643414
-19.725197,26.111925,1155,624586
11.181123,0.6973382,1156,451089
4.48911,21.664091,1157,614173
10.0813875,-38.625664,1158,554430
-5.2714624,-1.3996792,1159,621295
27.482618,-23.88293,1160,621112
3.1586099,38.55018,1161,605154
12.99132,-12.382717,1162,534812
-1.7822342,-13.297448,1163,595375
-23.43774,26.309816,1164,471911
8.370785,-9.924869,1165,518902
-23.553965,11.464826,1166,595426
-5.5078244,-14.908131,1167,571670
14.539002,13.056404,1168,488846
19.673244,41.31967,1169,606965
25.063992,23.786242,1170,593969
20.299238,-13.371589,1171,642231
-37.78437,-2.0713584,1172,592614
-12.033398,-12.234002,1173,545363
-20.35131,-25.784332,1174,554374
27.07291,-24.884945,1175,657145
53.776623,0.780508,1176,502179
-8.078068,-24.727371,1177,502004
19.37831,-40.965405,1178,502171
-8.9610405,12.576686,1179,445926
-3.4008334,25.082096,1180,592169
47.255325,-9.108023,1181,596105
20.06295,19.944313,1182,477569
25.42302,32.32465,1183,445276
33.159096,-8.368992,1184,502151
28.814558,17.991179,1185,622210
1.474186,-12.719553,1186,543652
27.363705,-3.4486022,1187,572241
4.6994457,4.7281666,1188,642094
-50.79809,1.5593994,1189,276520
23.016823,-15.945641,1190,584171
25.631418,-29.214834,1191,598271
22.506674,-45.84928,1192,605194
2.7193139,41.493507,1193,450306
7.922839,32.89865,1194,519166
-8.511782,-13.003225,1195,543867
16.654135,8.324854,1196,596001
16.90899,41.86212,1197,452666
-5.2462864,-28.833492,1198,518693
-50.589016,-8.555272,1199,620982
-8.569574,0.37684414,1200,547912
-3.6977322,4.757775,1201,624414
-39.813168,3.73432,1202,596271
3.1713548,36.94845,1203,664641
29.990524,-11.888319,1204,543208
28.665043,-9.650903,1205,600526
0.31918624,-26.45288,1206,500724
10.767709,18.686745,1207,623149
-32.633987,23.676247,1208,543611
4.4511504,25.955372,1209,546990
18.354816,11.518453,1210,607352
5.0737433,-4.7654223,1211,641941
-18.074085,3.8820596,1212,453192
15.454787,34.465454,1213,592229
-4.6261353,11.09877,1214,501593
32.155006,32.489735,1215,543542
-36.536087,-10.237389,1216,572193
-24.60959,-33.901825,1217,448609
-31.969814,18.706562,1218,593140
21.14544,22.928804,1219,592120
-18.583668,29.351303,1220,458676
-14.177182,-23.191956,1221,543459
23.155416,1.340768,1222,452718
-31.170715,-30.916214,1223,466948
-0.91579497,5.2687535,1224,462515
1.478984,46.313576,1225,573244
-4.8993664,-21.214567,1226,656756
16.775196,-0.20169242,1227,543309
-10.034698,15.162858,1228,594576
-36.553276,12.601173,1229,657524
-6.9320736,15.599872,1230,543219
-23.360613,10.5541115,1231,592127
-12.639839,24.50738,1232,455374
43.848095,-18.627035,1233,502029
5.727899,39.400223,1234,573064
-30.744461,0.0019815578,1235,519322
-12.166115,48.71901,1236,545346
-44.79307,-23.514523,1237,430599
-52.749996,-10.6993,1238,544836
9.557493,-6.322675,1239,621111
-30.543846,31.516058,1240,665742
4.4381514,-31.413738,1241,641505
7.021525,17.161566,1242,542932
-2.13181,16.268372,1243,664040
34.2339,17.011944,1244,623205
30.512318,-21.515165,1245,642133
24.318798,40.426147,1246,641343
5.0064898,-2.3233588,1247,640457
-11.349499,-15.799948,1248,642715
10.807861,23.494446,1249,641856
-32.46199,-7.7238946,1250,624419
-47.5914,3.4205456,1251,624512
20.710573,-10.450122,1252,608597
31.475935,26.536673,1253,622168
-1.9222907,-5.587436,1254,621550
-14.5909195,42.340706,1255,641933
-1.3872936,-27.778854,1256,624641
-11.546638,31.221224,1257,623520
41.84976,-7.309421,1258,621219
24.691261,-10.624718,1259,666969
-38.31305,-6.3688164,1260,664167
-28.205965,-1.4962999,1261,641525
3.1605887,-19.973806,1262,622569
-36.6411,-2.4550052,1263,621028
-20.121944,14.862684,1264,596012
9.446531,35.589325,1265,599096
-2.7576208,36.19424,1266,602115
1.7411103,-22.351871,1267,605280
-29.343323,16.905815,1268,660271
18.81723,28.461365,1269,641684
-5.6535163,20.603796,1270,582473
9.415239,-14.125568,1271,516472
6.2096424,-13.790629,1272,605361
30.552828,-5.3597703,1273,607333
-22.068771,-28.209087,1274,621529
25.70589,8.760476,1275,657656
4.7553554,7.3425813,1276,650402
-6.8475404,50.21161,1277,643446
2.708757,-10.327519,1278,543194
42.03931,-12.824174,1279,645261
48.33096,8.990724,1280,623214
34.036938,15.755535,1281,605244
27.713274,20.752165,1282,663656
-16.459969,28.868155,1283,664702
20.775934,43.856567,1284,656775
-10.74478,-7.329741,1285,592859
-19.587217,3.6924348,1286,621466
13.642666,-10.4208,1287,608475
-27.975569,39.09252,1288,605612
0.66320163,-17.321543,1289,605513
-24.33021,1.7384511,1290,594011
11.112398,-40.116364,1291,656811
-15.016783,-44.90481,1292,606992
31.789003,9.070933,1293,650619
-49.023212,-12.252794,1294,641477
14.95772,-41.799316,1295,595909
8.248368,39.033688,1296,594953
36.266113,-5.5284114,1297,553902
-14.829074,1.1720477,1298,622226
-9.977103,7.086622,1299,664068
25.634768,2.40091,1300,660670
26.594194,31.74327,1301,624133
13.875098,39.8566,1302,614177
16.07562,36.340553,1303,664192
-17.805695,-16.160555,1304,641658
1.2875634,-27.159645,1305,643376
-31.391731,-12.994523,1306,643396
4.461709,-11.863541,1307,624636
40.02814,-12.677941,1308,571945
3.6193106,11.642416,1309,628336
-18.525183,2.95729,1310,593993
8.844107,43.063957,1311,621573
-15.925491,-27.158731,1312,670950
-35.555267,-10.269634,1313,622046
20.527088,-1.4719336,1314,605446
30.024826,6.980867,1315,622682
-14.265832,-33.338844,1316,606988
22.125648,-46.92944,1317,669203
-35.89452,5.268203,1318,608654
9.3402405,43.175858,1319,642770
-35.321827,19.478628,1320,656798
1.6812459,37.097767,1321,543377
-44.269814,-5.721461,1322,642851
44.821785,23.985348,1323,592468
3.2622128,-40.6319,1324,621261
-29.608091,-15.666772,1325,500135
33.07844,20.322515,1326,641778
-6.0896115,-6.843825,1327,621514
9.244292,-1.6524389,1328,571595
4.807766,27.763773,1329,605520
-34.026634,-1.8311529,1330,641851
2.3256683,42.716812,1331,657612
47.79591,-11.344547,1332,641571
-2.5399714,-30.28824,1333,596295
-15.237773,18.239208,1334,656257
-5.973607,30.892595,1335,543169
7.891884,41.596485,1336,607215
0.09104487,23.388725,1337,657053
-7.2697744,39.314346,1338,571951
26.244242,-22.291409,1339,642547
5.1375837,-0.6631462,1340,666971
35.32851,38.837242,1341,605498
7.511648,4.179431,1342,628318
-7.420994,-31.373676,1343,543193
-11.195038,33.490692,1344,664196
-22.68291,-9.5257,1345,608723
34.47744,21.165514,1346,489446
16.795507,-14.050833,1347,641583
19.339493,37.92163,1348,641745
34.5312,15.8341675,1349,501985
-49.425293,18.182209,1350,622446
44.658405,25.501665,1351,642558
-32.523064,-26.451485,1352,622795
-27.414999,0.06547034,1353,623454
-29.133669,-27.497559,1354,594965
36.829636,-24.266775,1355,649966
-3.8229415,-43.552315,1356,445213
-8.646328,11.535754,1357,621381
13.344217,-18.528164,1358,664028
-24.961306,-22.877869,1359,656803
19.558283,8.698605,1360,656887
33.258568,6.9156356,1361,656222
-49.54889,16.333416,1362,650895
14.25438,3.1900363,1363,606273
-13.601687,-13.9516115,1364,605421
-2.7142835,-40.151417,1365,630023
-13.008567,-31.059473,1366,621453
-16.977934,15.772897,1367,641154
9.159373,-42.61151,1368,595222
4.5830407,-8.006139,1369,593833
-34.59506,5.804709,1370,669060
-13.556385,-17.071978,1371,606157
10.461892,15.626855,1372,460283
-22.281687,42.619072,1373,518553
13.178772,-33.815548,1374,622694
39.426884,20.010586,1375,669456
20.197538,18.560059,1376,642545
15.124823,44.883972,1377,642571
-4.603166,-19.677734,1378,571760
37.47988,7.7028832,1379,656977
43.36031,16.16017,1380,621141
-22.962637,14.770379,1381,576788
0.8655792,-2.115735,1382,594987
-23.015491,-44.07766,1383,641149
16.21848,15.19179,1384,641645
22.96342,7.597644,1385,673633
22.279896,-13.721997,1386,488984
-4.965241,-46.5198,1387,641712
-38.566242,8.48236,1388,656725
-13.387376,27.069365,1389,622554
-47.908813,15.130826,1390,592865
23.365757,-36.81286,1391,622492
30.854836,3.9741673,1392,572182
34.49453,4.7612925,1393,623402
-9.8182535,30.914948,1394,642008
-46.35951,-11.222033,1395,663465
9.441621,31.676893,1396,593423
46.06951,-8.459827,1397,621044
-3.8590193,-16.785662,1398,656354
6.0714793,9.3699665,1399,644337
17.758772,-7.0277467,1400,605255
4.683196,-38.34767,1401,608652
-15.059247,-19.400055,1402,657571
37.254215,16.287119,1403,642211
46.569523,6.503645,1404,607468
13.094112,17.168407,1405,592145
2.8054829,-9.467247,1406,660853
0.56226736,-17.419346,1407,641924
14.686276,-14.676772,1408,643466
39.574615,-5.5202227,1409,502593
5.8181944,-21.74506,1410,605347
-30.94608,-0.95851684,1411,622075
-49.05161,-5.322784,1412,641341
23.68983,-37.45337,1413,664842
1.0594972,3.1761851,1414,552640
-50.893417,-9.60606,1415,600968
-24.502367,11.908337,1416,641438
20.41107,21.697569,1417,663855
-19.524506,9.95669,1418,606162
30.188265,-7.432921,1419,489265
-7.7003303,27.633175,1420,642232
24.661314,-19.594725,1421,592390
-13.312333,8.691264,1422,572955
-11.486593,-7.084009,1423,453344
-5.95672,-47.473328,1424,543483
26.329416,25.333824,1425,435043
-27.177282,-10.994178,1426,606167
-32.356277,-13.228311,1427,606149
-11.95953,-12.131532,1428,570666
-36.36382,-10.553531,1429,656738
-36.49807,7.367478,1430,476454
-30.500738,31.564068,1431,642528
13.527121,9.166742,1432,621249
-17.39927,25.105091,1433,607968
23.235321,39.31758,1434,592761
-26.501345,34.34557,1435,571476
43.158623,9.836324,1436,605276
32.699608,-41.577557,1437,605541
-8.562849,-10.117044,1438,594577
-33.294605,34.67919,1439,572403
29.93448,-27.788395,1440,624431
-33.11711,15.111204,1441,620454
19.83599,18.947819,1442,647336
7.690414,-5.6798186,1443,542289
-9.182341,9.370093,1444,593334
7.373099,-10.138767,1445,543031
32.441612,-31.08257,1446,543339
32.331654,23.069803,1447,554054
-20.048887,20.734818,1448,642701
30.854305,-21.916842,1449,605474
-24.966862,33.7863,1450,606424
24.337425,11.8239,1451,640460
9.850183,-8.005176,1452,664869
14.064919,10.179273,1453,543359
-40.7935,-4.8773303,1454,592644
3.0779006,43.98302,1455,606995
-44.279846,3.7992587,1456,571467
-11.743564,3.4019082,1457,571473
14.460107,14.985197,1458,593974
-1.8152798,36.0109,1459,501213
-12.846151,38.78862,1460,644428
-11.625756,14.096129,1461,456696
7.8854084,23.400938,1462,458677
-17.25504,-3.0559485,1463,622864
-12.513752,8.9003105,1464,593144
7.8919873,-40.355537,1465,622713
16.200224,24.299734,1466,450665
21.897446,0.2271534,1467,643256
3.5543258,7.2388735,1468,592769
3.5671234,-13.850693,1469,596816
13.445016,8.801312,1470,599683
-7.743319,41.082897,1471,593576
3.487978,-35.64559,1472,643778
22.181793,-26.395346,1473,657681
4.3668137,-47.8389,1474,595881
19.26657,11.984328,1475,606625
53.35756,5.087357,1476,657658
-21.06619,-36.536514,1477,608638
-13.862486,2.6764982,1478,521655
-34.1636,36.650826,1479,595465
-5.0070796,-46.45048,1480,641513
-2.9405618,0.18867113,1481,650391
-7.674886,19.118896,1482,664901
-23.310593,-34.665287,1483,650489
17.187626,-31.060894,1484,641470
-39.1213,1.7512401,1485,656514
-3.083131,31.218857,1486,656371
-16.007065,33.822098,1487,623912
-4.2540846,-17.363106,1488,643275
15.603254,-33.746475,1489,624415
32.885612,-9.684896,1490,663993
26.088343,-43.695587,1491,670712
-11.27398,40.905537,1492,645801
34.509377,29.056221,1493,669256
2.6341488,-18.886404,1494,669242
27.436106,15.7197275,1495,663538
31.620644,17.503073,1496,668227
-8.456397,0.035633937,1497,596825
21.745829,7.205435,1498,573262
3.5362542,-28.241785,1499,643289
-4.580914,9.026704,1500,664041
40.020874,-8.939102,1501,666158
4.3443475,-46.175903,1502,669257
-27.421276,33.2737,1503,607461
-37.438843,-4.2034426,1504,621458
7.8377113,-19.714674,1505,641914
27.602137,-15.181552,1506,664913
-46.042286,-16.23846,1507,669221
52.727627,2.6544049,1508,622268
-22.657187,22.348042,1509,623323
4.142554,33.09209,1510,641786
-3.2176445,28.970285,1511,543592
42.00841,24.628265,1512,643418
-13.681886,17.671055,1513,621450
11.116802,40.6072,1514,657434
-10.177431,34.628757,1515,642165
30.099768,38.545395,1516,624413
-26.395634,18.319227,1517,663586
49.328194,-11.445831,1518,664059
-15.435557,-13.151715,1519,640458
-27.856802,-9.897351,1520,668663
-14.392334,-30.243742,1521,644374
-25.044195,-36.274925,1522,664926
39.12928,7.118083,1523,600858
29.591883,9.757038,1524,625510
11.835339,0.34418565,1525,643436
14.737024,-22.710678,1526,664774
41.060986,-3.5533783,1527,641878
14.045907,34.53656,1528,602074
3.097107,31.764862,1529,656541
-13.962751,-35.502766,1530,621438
41.881573,23.52409,1531,624513
13.714648,-14.886068,1532,669374
41.855453,-17.958878,1533,658069
35.330837,-15.274913,1534,663757
-4.418132,4.0535307,1535,605288
17.605938,21.070202,1536,621006
-40.270676,-5.3237257,1537,668942
5.733639,2.488176,1538,647304
-18.019808,38.057682,1539,605196
1.7818459,25.973656,1540,622065
-10.4119835,6.909005,1541,596117
-9.949177,-8.024986,1542,670541
-47.672337,-20.036295,1543,642136
-9.150569,-12.769581,1544,647351
42.975574,13.448872,1545,621532
-4.1935053,20.031897,1546,608686
5.91712,11.854285,1547,668670
5.504478,-18.671715,1548,620453
-28.179756,-0.626221,1549,656713
-17.04875,-21.449654,1550,642731
-8.928946,24.356096,1551,595981
12.154592,45.049797,1552,592660
3.8863816,-46.301495,1553,657277
-5.970575,1.4179493,1554,621005
-32.729534,14.991952,1555,664238
19.388424,-7.1176214,1556,595798
-0.43677777,-2.7032213,1557,621086
33.666946,-10.27469,1558,670032
-25.550888,13.565801,1559,650333
-27.48646,-18.44025,1560,592346
-38.774517,-17.800848,1561,664034
34.996437,-24.644522,1562,642736
-14.564472,-7.069892,1563,623180
23.721378,33.390907,1564,572070
-18.48366,-36.02717,1565,665120
-3.916602,-38.521793,1566,623168
-29.796793,8.147907,1567,665489
2.761442,-28.674465,1568,668676
25.753119,-11.645111,1569,664199
-24.482697,-0.08164903,1570,622786
8.490315,44.182602,1571,571917
19.75099,6.0248556,1572,657141
-19.741915,-8.968626,1573,642221
-38.439785,-13.83257,1574,664119
11.049463,43.36174,1575,642607
-40.002518,18.054865,1576,668804
-13.736472,-5.6508703,1577,605490
-10.606598,-28.355253,1578,668800
-11.67907,-2.3062239,1579,518876
48.371708,-10.136127,1580,663567
28.32073,1.6499127,1581,607572
-1.525911,1.3498257,1582,664062
-5.6593857,12.418772,1583,671790
42.231308,-26.509275,1584,656605
-24.09006,-29.20422,1585,453284
0.32970634,8.300878,1586,641541
12.307692,-46.539383,1587,657061
-32.43577,7.821037,1588,615698
16.42713,3.2779996,1589,667498
39.412815,-22.404114,1590,579328
27.096745,-10.509305,1591,666182
41.45279,-0.14007959,1592,643290
43.115124,23.675634,1593,669160
-46.77615,4.6600323,1594,663978
5.853305,4.9175305,1595,650859
24.535406,32.741405,1596,668678
33.232475,-7.454366,1597,607391
-18.349136,-41.721863,1598,543351
-31.220955,1.9966763,1599,606956
-28.134426,-1.956634,1600,641584
-10.855013,-10.424538,1601,650893
28.750427,-4.040998,1602,669222
31.960526,-20.166449,1603,664854
-3.7094991,6.2132998,1604,643615
6.8727517,47.963333,1605,641829
-21.042225,7.1730876,1606,621097
-31.867378,-14.3255205,1607,656954
-15.329498,-29.575727,1608,592612
-51.259186,3.2233,1609,622772
26.332424,21.05798,1610,657041
-7.0057116,45.6169,1611,605156
30.474731,-7.221161,1612,670329
22.530008,-24.21284,1613,641312
22.116087,-47.662956,1614,594986
28.299973,-21.872574,1615,641755
-23.393091,-26.021534,1616,656577
-16.505602,-19.56586,1617,650644
-4.2052207,-13.742762,1618,541600
18.584219,-27.275045,1619,657566
-32.06864,-31.153316,1620,664247
12.207916,-20.70422,1621,663432
-2.15131,16.115906,1622,456051
-0.5817697,-43.11906,1623,669270
24.948538,17.934574,1624,519293
-25.15231,-3.3197913,1625,665487
12.852762,14.337134,1626,643493
25.072138,-16.389713,1627,641627
15.508071,19.30872,1628,594311
-8.560903,-39.08601,1629,554340
3.3820355,-19.841148,1630,656308
6.5466256,-14.098862,1631,622797
-7.1685257,28.77641,1632,668683
25.23407,9.557635,1633,642207
8.388245,33.2351,1634,669214
-1.8605896,-42.857365,1635,660761
-24.574396,-4.835484,1636,663776
-29.43157,15.039309,1637,605135
39.392517,2.7833776,1638,664874
-13.376977,-42.976658,1639,608334
-35.429886,-6.8185143,1640,608339
-9.395326,-16.228786,1641,664045
17.12978,27.720493,1642,650671
-18.452719,-16.953218,1643,608344
-10.051853,-15.560879,1644,664353
35.098953,-21.07237,1645,542960
1.4621981,-7.4341187,1646,650813
-45.20217,0.11709649,1647,607644
10.370295,-14.395431,1648,670970
6.35244,4.6728525,1649,448281
7.6996503,18.799545,1650,657140
11.893053,-37.614716,1651,670456
-24.47304,-36.760895,1652,663531
-43.56431,7.339585,1653,656252
-2.9568822,-20.094114,1654,642098
-8.593587,-38.09957,1655,664208
-19.317804,36.99826,1656,640470
16.920124,42.14843,1657,623364
14.199842,31.410172,1658,571539
-12.3527355,0.52076983,1659,613534
13.078444,14.02746,1660,446868
21.838396,-27.353043,1661,663898
22.503693,18.528498,1662,656288
-34.794792,-0.5505973,1663,598286
29.488619,-31.752958,1664,523260
15.157525,8.427212,1665,676606
43.902893,-19.18136,1666,623184
-16.71989,32.277813,1667,642721
-7.2503653,-49.173584,1668,672773
24.619818,-5.714621,1669,657097
32.639748,20.513405,1670,543001
21.597845,39.772907,1671,543883
-39.13051,1.6911198,1672,642397
18.808598,23.76401,1673,642073
-13.032961,-2.2517152,1674,663423
-16.266937,-17.469591,1675,572143
-3.448543,-6.6907625,1676,669738
-1.7258712,-19.334661,1677,622103
26.956093,42.914158,1678,592716
20.8678,-9.799216,1679,666198
12.8547325,-7.6546645,1680,657024
-7.012348,-48.515285,1681,608715
-0.8381889,-28.006613,1682,592102
-25.14531,2.1118236,1683,658648
43.678905,16.057064,1684,643524
27.489471,-3.4488037,1685,656582
13.243298,-26.051893,1686,598264
22.287062,-44.81892,1687,519393
-51.470997,8.656943,1688,623515
25.401125,20.916441,1689,607486
-22.922886,39.37258,1690,641943
11.993725,-4.3345594,1691,641999
-20.412352,3.1347494,1692,605231
-0.8325347,-17.256472,1693,675656
-6.8936086,38.572796,1694,642215
-32.47826,-5.281161,1695,657027
-21.315046,13.658029,1696,650832
11.677043,-5.608271,1697,664877
1.3589784,-32.1376,1698,643269
6.4734836,0.25152117,1699,663647
-22.52712,34.31338,1700,621008
4.950099,38.24635,1701,665506
2.1086264,46.012714,1702,453527
-25.269865,6.315564,1703,641802
1.9098934,16.752663,1704,622482
-13.280714,29.00384,1705,659366
-34.72791,10.29357,1706,642694
-24.597778,-38.623142,1707,592144
-3.3506541,27.794638,1708,642836
-49.677,14.557828,1709,681581
-11.459053,-37.80703,1710,657017
22.912111,-22.857008,1711,606477
-8.782757,-2.5243976,1712,621469
-17.932299,28.53574,1713,666915
-26.10407,0.19249643,1714,670097
0.11490023,23.268381,1715,676940
-13.825424,37.93261,1716,605530
26.998041,-19.661053,1717,675910
0.47196198,10.877673,1718,657733
21.884117,-33.749798,1719,656718
33.753162,-39.948235,1720,664081
-49.86126,5.8610835,1721,642315
-11.199433,-17.719336,1722,668731
21.38601,-30.161934,1723,663905
40.280907,-12.78687,1724,641625
-13.756922,-17.145021,1725,657426
-7.167366,50.24283,1726,643549
18.710466,-35.76394,1727,650971
-38.893448,16.224607,1728,670092
46.28744,9.261047,1729,668784
-5.296717,20.414066,1730,621505
-24.799929,-24.530994,1731,680690
10.786216,-15.012274,1732,663788
2.984397,44.227654,1733,664938
-18.618166,14.757908,1734,623513
0.83330655,-8.482309,1735,670290
-7.3160534,-1.0523242,1736,670143
5.8242207,-32.808834,1737,615699
-10.479485,-16.084932,1738,678010
-27.933496,-9.403119,1739,682162
-18.107304,0.7753588,1740,630105
-4.214568,-31.618269,1741,660613
-20.826582,-1.7526785,1742,667611
46.615204,11.683631,1743,623241
-33.64842,-3.182341,1744,623238
-19.8576,36.986927,1745,615697
-22.86516,16.469032,1746,663541
12.905537,10.908803,1747,656309
-3.1334612,22.813128,1748,656361
15.490826,-10.462955,1749,656484
-44.9525,-23.837591,1750,641882
-23.406523,-19.848114,1751,620998
19.670898,16.214344,1752,657108
22.340212,42.831726,1753,621468
26.50852,-43.16904,1754,593590
18.247944,-40.987698,1755,670410
-31.290611,39.804718,1756,672695
-11.64683,-7.042376,1757,657129
23.985113,-14.684243,1758,656403
43.114822,-5.520301,1759,666164
20.343973,27.156918,1760,667727
-29.857376,16.696264,1761,663611
3.157787,13.308498,1762,673357
24.24281,-2.3283887,1763,656976
-12.416915,-3.1384795,1764,641884
-42.41506,18.221735,1765,669049
33.98443,13.269155,1766,641807
-20.640354,24.83455,1767,592629
8.100778,21.763401,1768,656607
-14.20173,-33.460457,1769,669016
-26.330301,-7.3936496,1770,665779
8.117713,3.6150432,1771,666784
44.490543,-18.155598,1772,669023
-34.44061,-21.620518,1773,664060
-5.3006487,-14.625031,1774,514916
5.9892955,32.15927,1775,622758
-13.535768,-1.0272703,1776,657446
16.274658,11.919404,1777,664011
-33.459602,3.6831996,1778,664014
14.793384,-7.074627,1779,657780
-8.873481,-34.026203,1780,641945
7.049662,51.31354,1781,663630
-17.38095,25.086767,1782,676378
17.942495,-27.460894,1783,621420
23.476955,26.562014,1784,663664
6.93577,-42.43085,1785,666620
-30.674839,18.819254,1786,656378
-38.22721,-14.748131,1787,664306
1.4367877,-7.0790467,1788,666139
2.976844,47.327984,1789,660644
36.863716,-31.19702,1790,665650
25.269478,32.3327,1791,665138
-48.557877,5.7049804,1792,664332
-12.954157,23.04206,1793,621324
-16.593285,31.705908,1794,642201
6.680715,15.778353,1795,657128
0.9901427,-22.255302,1796,592656
-27.276037,20.538448,1797,675648
4.5063844,-19.935791,1798,573669
-31.094408,1.9901178,1799,677950
3.063129,-1.1632949,1800,658061
-22.885633,-18.730879,1801,650528
40.347668,16.217402,1802,670768
1.1683853,-47.259464,1803,657444
7.8986044,-30.98731,1804,657136
-33.726288,-2.8109858,1805,681526
-42.772594,-20.138412,1806,670286
-1.8877074,11.634257,1807,650979
3.0733552,25.857351,1808,676635
-8.511532,3.5794592,1809,656653
-27.649948,38.99047,1810,676625
-22.909992,21.12731,1811,663624
-41.067703,-12.649696,1812,501647
3.7044346,-18.967213,1813,680737
-6.8253193,-22.101583,1814,663616
-5.7499666,-8.305838,1815,660690
36.180767,-31.946579,1816,660636
5.3252087,-24.411615,1817,643590
4.9129972,-35.638393,1818,668904
17.322987,1.5094844,1819,666135
21.901573,-22.522474,1820,670352
41.189476,-21.883896,1821,665828
5.656896,-7.056292,1822,623278
26.99953,-19.937393,1823,642062
25.160242,-19.836138,1824,641741
30.484201,-33.478123,1825,547181
-4.947053,10.628412,1826,656734
11.741926,-34.13607,1827,656388
-33.230064,3.387465,1828,571975
23.74085,13.28132,1829,666185
-4.3162565,27.775213,1830,655719
-36.70037,4.7374396,1831,676882
6.8342657,26.330486,1832,664873
-11.614748,-5.9684677,1833,650531
20.74447,43.91632,1834,663791
2.9912384,11.857673,1835,670461
11.383874,19.187445,1836,664159
-8.669259,-31.089342,1837,665804
-31.748632,-8.776599,1838,676616
6.371804,-35.45026,1839,669106
-2.652946,-23.493702,1840,676724
31.1367,1.6520103,1841,661437
11.625634,7.7916627,1842,605148
22.808468,15.500341,1843,592530
23.095549,28.921946,1844,622435
-18.41905,38.3598,1845,607207
-3.1702762,29.445517,1846,656260
3.75016,30.022932,1847,670468
-23.11522,-35.560127,1848,543041
-14.267803,2.8795385,1849,656494
-14.172161,40.87643,1850,543232
-26.52386,-33.7657,1851,645305
22.325891,-37.686428,1852,681679
-35.417107,15.59049,1853,641336
-12.884132,-34.62024,1854,595210
2.2868178,12.081165,1855,657636
4.7431993,-17.249102,1856,608380
-18.57402,11.31214,1857,670351
0.28359985,29.833134,1858,669451
-40.084354,18.35653,1859,660731
-21.144203,-25.10614,1860,665750
-26.867424,-18.765846,1861,656896
18.3761,-36.1435,1862,667651
11.658308,15.9594,1863,666137
-25.26948,-14.091326,1864,669352
-0.20042072,-19.645264,1865,669413
-19.220264,-18.99617,1866,660639
-32.3991,-26.379944,1867,663402
0.98700666,-13.939464,1868,656274
16.335852,24.664566,1869,677690
25.016903,11.51007,1870,676627
45.807167,18.135767,1871,675662
31.09074,13.34839,1872,663708
46.184097,10.198704,1873,646404
-21.58758,-29.011354,1874,672832
13.36445,-46.02456,1875,625506
13.044126,-1.2276636,1876,622100
19.341969,25.09113,1877,669623
-25.276432,18.237545,1878,676801
-31.476364,-10.338619,1879,605248
-30.394157,5.2016525,1880,628450
31.065468,-41.689846,1881,594872
-5.9326625,-34.82363,1882,623173
-18.321535,-30.227098,1883,458689
-40.194763,-11.938971,1884,656668
27.950766,5.208187,1885,669289
-18.80573,35.278206,1886,631222
-7.8977776,36.129425,1887,675925
16.738535,-8.066947,1888,680964
10.216033,14.27292,1889,663662
2.026536,36.01897,1890,670623
-23.619772,38.06025,1891,664767
-45.008785,0.4148659,1892,663545
38.249947,-29.967571,1893,670435
-18.135778,-19.414652,1894,650443
-3.3137085,12.841961,1895,668673
-12.425664,-26.637793,1896,663857
-16.710684,9.444355,1897,668680
-37.084488,15.243662,1898,641385
-5.2832155,25.113438,1899,670374
-10.744458,23.975025,1900,650438
4.838118,-23.809408,1901,661555
6.0111475,41.742977,1902,671224
-51.86682,1.8900806,1903,607221
18.53353,-14.888245,1904,660830
-39.13179,9.355452,1905,624408
-11.845047,-28.851286,1906,665914
-14.368008,-11.786362,1907,680693
20.058134,-31.873693,1908,672600
23.127531,-33.978767,1909,657253
46.694523,10.16496,1910,519303
-6.1540585,-4.203727,1911,657431
-17.695484,-36.094574,1912,641555
38.451355,-4.6637993,1913,642488
-17.522125,-17.993925,1914,570716
-5.6066937,39.288506,1915,602112
22.353128,-23.063951,1916,548431
7.2634344,-18.485916,1917,676857
5.7334676,28.159975,1918,676919
-18.60975,12.801804,1919,666922
1.9786211,30.887074,1920,664857
35.985466,16.666443,1921,664983
-23.105564,-44.199574,1922,657011
-36.52175,30.567373,1923,665883
31.491581,20.86273,1924,677578
-8.965015,21.840452,1925,668721
-5.9779243,-21.515461,1926,666128
-19.875126,1.3670624,1927,668674
-35.220245,-36.027176,1928,681807
13.32555,28.815142,1929,669157
2.3816032,5.3765855,1930,669733
-28.92909,37.449432,1931,670767
28.027803,-12.221368,1932,665836
-22.63497,3.4913785,1933,670084
-41.817715,-8.350759,1934,672764
-47.13204,6.0432086,1935,656540
-18.607656,-1.6385508,1936,656462
19.119236,23.144686,1937,669945
6.8628054,-7.82373,1938,677826
16.364176,35.030354,1939,669392
-35.934456,-26.76714,1940,665227
-17.30727,9.807961,1941,631227
-44.367268,-14.436808,1942,670276
20.094212,-4.3717427,1943,656467
6.0188794,8.429204,1944,665798
-31.562067,-23.07259,1945,669008
32.37862,18.218523,1946,622700
-3.448899,12.731902,1947,642720
-19.798763,-2.8984795,1948,642751
-21.599104,-10.044341,1949,607249
-17.191254,-17.992527,1950,681909
-22.386719,43.288116,1951,677595
-1.4090779,2.7217832,1952,673859
-14.932563,-10.928165,1953,680716
3.2138855,9.947463,1954,665918
11.833327,2.5312188,1955,665947
-16.204199,-30.16568,1956,669087
10.192185,46.859573,1957,650954
-15.335177,-8.575497,1958,596018
-39.122086,4.423125,1959,669450
37.8724,9.303936,1960,605504
-18.206646,8.196095,1961,606993
25.195995,34.70018,1962,650968
-34.275352,11.728284,1963,650694
18.507008,-6.325956,1964,645917
-39.74812,5.6459184,1965,501983
37.88437,12.750313,1966,605381
54.458397,2.4401164,1967,622561
-18.604437,-36.172405,1968,660844
39.240574,21.266556,1969,607389
52.172718,4.1373796,1970,676825
-2.3132734,-15.311076,1971,641716
42.926502,6.754646,1972,593137
19.747433,-42.414265,1973,669745
8.105542,-19.75621,1974,682022
-27.365099,-32.279396,1975,663495
37.707424,0.3041197,1976,665833
27.913467,-10.416648,1977,657066
-18.48181,28.766733,1978,621011
-15.102703,4.1101594,1979,669357
-38.65637,-9.639317,1980,656568
-22.365606,-1.9389026,1981,661541
7.6525917,18.90911,1982,656847
37.72275,-18.796429,1983,642021
-17.834427,21.75983,1984,655996
-30.799168,21.579655,1985,663937
-15.419165,41.477688,1986,670047
-30.920475,24.879858,1987,626925
17.828766,-14.583381,1988,623507
-26.47855,-16.2513,1989,640492
35.07268,-24.507977,1990,642134
-45.425247,-17.02136,1991,642727
32.881794,-7.8065906,1992,663605
-3.6080317,9.882593,1993,602080
-4.880181,-12.437697,1994,605353
0.80277616,8.08883,1995,641351
41.53185,-15.336914,1996,642470
25.94768,-2.7276173,1997,623319
-3.2565846,-5.928042,1998,656748
-7.099746,-32.55365,1999,663886
0.5651053,14.279304,2000,664789
-36.52003,2.9556456,2001,676391
12.876135,25.4423,2002,664029
7.3436313,16.635042,2003,670053
37.933422,14.185879,2004,666310
10.598585,-10.215899,2005,608364
1.2260529,-46.998558,2006,681023
38.815033,22.575739,2007,660907
22.067684,-19.080175,2008,664051
9.499204,-39.252525,2009,670462
33.703266,-27.140541,2010,641301
-32.44955,-30.346731,2011,666931
-0.54728085,-16.377815,2012,643423
36.271313,-9.327399,2013,641892
-14.942746,49.031013,2014,642220
18.860516,26.362959,2015,477054
-6.078584,20.999434,2016,607088
11.568172,37.69942,2017,676632
10.994353,9.200673,2018,676814
-5.2894053,39.89189,2019,676913
-4.1405945,-44.260117,2020,666783
5.1255126,19.91493,2021,663697
-4.610331,24.036901,2022,642462
-11.6981,-3.4565868,2023,664670
-14.424276,30.081072,2024,668930
3.612263,40.56819,2025,642350
-15.811749,26.424677,2026,660684
-43.82899,-18.691124,2027,678009
10.50574,51.786247,2028,592600
-25.888865,10.541244,2029,660749
-27.790815,-24.852987,2030,664080
-17.234455,13.438188,2031,656537
-16.498934,12.398036,2032,672761
-49.47353,-5.5602584,2033,656666
-32.3456,-11.036375,2034,656935
42.28262,0.095075175,2035,657740
-24.675371,-34.47808,2036,642031
45.44875,-3.4927704,2037,680776
-32.291515,20.493868,2038,663375
-31.726591,-18.67612,2039,623517
34.455036,-21.323105,2040,621462
-21.850317,-35.8539,2041,641938
-0.97828925,20.328302,2042,668751
-40.525818,-5.151617,2043,676935
17.174881,-12.697756,2044,670764
13.348691,21.399408,2045,650907
25.062592,-27.907429,2046,669866
0.95110285,-50.496334,2047,657429
-9.781835,16.290308,2048,656248
-16.094002,6.2605195,2049,620449
-10.978881,-10.785532,2050,669344
14.486963,16.497442,2051,650513
0.19485922,47.126083,2052,664883
8.25078,-23.13195,2053,643198
0.9948365,-33.63502,2054,663692
19.058014,-47.769665,2055,676701
-0.9707079,-0.8081385,2056,643407
16.51491,-8.383052,2057,650626
-31.972183,-37.954845,2058,663728
-3.0695312,25.699467,2059,642451
10.783609,23.58683,2060,628366
14.165022,-15.942753,2061,650854
-4.209595,5.4636593,2062,650853
-8.94124,21.002134,2063,650660
28.901493,11.934576,2064,669121
-5.8792667,21.654228,2065,678636
29.968428,24.121864,2066,607632
3.7918746,-23.610323,2067,622738
-11.507848,18.317715,2068,644407
12.036788,5.8151245,2069,667719
-42.370647,18.14625,2070,670232
-38.86847,11.712278,2071,642137
46.905956,18.19776,2072,641296
13.230616,32.298805,2073,656716
-46.121204,3.830543,2074,606196
10.859199,11.7298765,2075,613546
23.613834,2.1628902,2076,671218
40.351776,-22.763937,2077,656208
-16.06259,-29.362772,2078,623188
31.499119,3.849089,2079,667452
-24.493267,-16.06074,2080,665161
-43.841873,-20.007797,2081,657739
3.9714603,-24.758036,2082,642227
-10.74751,27.809448,2083,663796
5.0537167,22.300556,2084,677928
9.607265,-11.6063595,2085,680719
-11.006344,15.604751,2086,665066
16.864574,27.445946,2087,680711
8.912512,7.181042,2088,676369
8.854479,-11.805173,2089,676927
14.96425,4.575837,2090,600902
-24.93052,15.161404,2091,656229
-43.48462,-5.367166,2092,669675
8.633302,5.0179753,2093,681893
-11.481379,-22.186258,2094,677587
32.52332,-1.2797955,2095,655316
1.3718715,28.750717,2096,608685
-1.7540183,16.647154,2097,649700
-41.447536,14.81855,2098,676900
3.62253,49.914974,2099,623508
8.938587,19.785639,2100,641779
5.167608,-30.9707,2101,682205
10.614932,-29.886644,2102,664731
-12.422604,-38.62989,2103,664858
-17.174906,11.289865,2104,606213
-7.6987934,-18.952312,2105,682075
-16.22755,-6.4776015,2106,666127
31.041386,-19.138756,2107,667674
-3.4386957,-5.3576527,2108,669232
28.457848,5.9093966,2109,669252
30.22559,-0.83323836,2110,663478
-11.18821,37.76802,2111,622053
-31.937174,-12.209721,2112,608421
42.596565,-4.970318,2113,656989
9.927619,41.05875,2114,664761
9.566876,49.760517,2115,676809
-9.299424,14.500475,2116,656822
-16.128134,-24.106335,2117,660757
15.511081,26.466528,2118,650958
23.749409,-34.868874,2119,669400
48.396088,10.240592,2120,666181
12.675561,-7.567336,2121,656293
-19.755116,5.2477837,2122,671191
-17.19955,-4.346246,2123,661250
-24.763363,11.439132,2124,670392
35.934425,16.309692,2125,605346
-16.730068,29.030401,2126,661388
30.207119,-37.680145,2127,624523
24.355604,13.26346,2128,669129
35.49556,0.9918964,2129,594985
-34.6235,21.970743,2130,596056
6.390856,47.775486,2131,600982
4.9494433,-41.756954,2132,676198
23.14201,-35.83884,2133,621456
-39.871166,-10.8768215,2134,621445
-11.625308,-15.064267,2135,664009
-27.165697,-16.110142,2136,672284
14.989101,-39.22781,2137,643271
-2.9616494,27.418442,2138,641929
26.26114,-24.974669,2139,656551
15.494182,8.828408,2140,666918
-26.434744,2.9996932,2141,642686
0.8807444,46.17337,2142,660707
30.993402,-16.696573,2143,650544
-27.26904,-14.542364,2144,676748
8.071547,36.61125,2145,670895
25.646963,-28.896425,2146,608360
-26.061283,-9.613403,2147,656642
17.376696,-27.70154,2148,592881
39.332653,-0.50747377,2149,664728
-17.200914,32.560978,2150,670770
-31.251482,10.972185,2151,606189
-33.27332,34.16296,2152,641689
-4.701652,-25.728071,2153,640902
21.824793,24.179527,2154,657811
-18.067888,-33.45243,2155,663698
-2.5528655,-4.917897,2156,656920
10.24531,14.647926,2157,680837
16.511871,-23.279013,2158,665945
-0.3619394,24.03722,2159,676639
-7.529378,14.626902,2160,657757
-9.913376,-24.293262,2161,592637
18.948841,-47.917492,2162,657618
-14.042993,40.33301,2163,670427
-26.906635,33.291416,2164,669916
-38.08002,7.8920846,2165,642203
37.856895,-16.7108,2166,623510
16.990273,-31.40988,2167,630063
42.46961,-22.787373,2168,664930
-2.5765462,21.813139,2169,663749
-19.798033,11.168582,2170,665975
-8.445495,1.3525995,2171,680575
-13.373711,-8.533001,2172,664083
-11.563918,18.507812,2173,676116
-16.549149,16.127531,2174,664966
4.633428,33.738544,2175,663744
25.894478,-23.905636,2176,674677
-3.0857801,36.273895,2177,671272
45.676582,-8.540355,2178,642282
13.149933,17.147215,2179,547173
4.1623893,-13.40937,2180,666211
17.837482,34.889374,2181,676698
-7.104987,-48.54959,2182,621323
-1.7795428,39.387394,2183,682177
2.6619346,20.127428,2184,664088
-22.460718,5.7563133,2185,671289
35.405304,-11.58187,2186,656455
24.846516,-29.394854,2187,659079
-0.03221015,-32.726933,2188,657225
-41.96145,-14.340888,2189,650560
7.332579,-13.725957,2190,666213
-2.1565523,8.194282,2191,680757
9.19757,-1.2106948,2192,676602
-6.851464,34.45076,2193,676071
-3.0495725,6.890911,2194,658668
-37.000774,21.39251,2195,663330
6.734922,-41.66991,2196,666176
40.423264,16.694668,2197,673451
23.349216,38.359158,2198,676480
22.398462,-18.722103,2199,665862
6.9179873,51.35272,2200,622761
-38.089905,-21.358395,2201,660294
37.94545,-18.434706,2202,671277
-4.875644,-19.972383,2203,660620
-18.157068,11.701804,2204,621500
-37.896103,-14.963994,2205,662139
2.4077044,44.55593,2206,680777
38.88829,6.196205,2207,656509
40.649242,-24.087484,2208,641680
-32.92274,3.5887907,2209,665926
14.006322,-36.85407,2210,602104
-8.0916605,7.276508,2211,672386
44.273663,-24.927727,2212,666160
-37.152508,-10.566643,2213,642772
39.114357,6.114325,2214,644433
-22.86232,-9.244672,2215,665561
6.1537004,-11.228723,2216,671250
40.68091,29.201614,2217,667670
15.636644,-18.734114,2218,650331
-4.147417,14.687085,2219,657193
-30.762453,39.868217,2220,669134
-11.18373,36.07381,2221,670370
-6.7304397,9.030527,2222,660821
30.399345,8.109034,2223,592622
-3.4985363,-34.968876,2224,664314
-10.054877,4.960667,2225,640459
17.550913,22.485056,2226,660688
21.758545,11.865566,2227,669288
31.259575,-32.27562,2228,664334
29.46688,-26.78198,2229,663411
-20.846058,5.2097216,2230,664850
-33.602226,14.058298,2231,675911
-23.093292,22.607334,2232,453268
-14.392335,-29.036339,2233,650668
-15.876367,16.360659,2234,623485
3.5174046,27.23808,2235,683734
21.794804,-6.278661,2236,663837
50.33577,-10.538128,2237,650559
30.496773,-16.793144,2238,675649
4.6335373,-32.152424,2239,663743
13.522482,-52.605415,2240,605507
31.86945,-11.818471,2241,663559
11.365069,28.132225,2242,676694
1.0270411,-26.864351,2243,642456
21.850718,13.850732,2244,624503
-29.30978,-10.807764,2245,665861
-27.46261,11.891664,2246,656578
17.842285,6.9903536,2247,673490
47.34046,11.5455065,2248,663753
-35.634293,-6.609088,2249,665665
-21.339659,33.32955,2250,677551
4.7198133,-7.6097593,2251,663457
-47.673836,0.82756346,2252,656364
43.933952,3.2607393,2253,663765
-31.546791,-2.9694545,2254,628451
16.212894,15.095915,2255,660634
43.74515,-5.27997,2256,663527
16.746952,-15.524165,2257,656180
36.7812,-24.131311,2258,672851
18.90478,2.9286852,2259,666200
-7.6820874,16.416882,2260,668968
7.8766966,28.49982,2261,621345
17.236284,7.981031,2262,660829
37.630913,-30.249695,2263,668820
0.102974914,-25.361141,2264,641561
4.303264,-46.23782,2265,676265
47.92786,17.92122,2266,680686
4.1434054,-24.006376,2267,656557
41.90287,-4.730076,2268,656731
-7.2365,-19.780893,2269,660623
3.4156837,23.013271,2270,528748
20.45028,6.771185,2271,681911
39.876705,-9.907712,2272,642028
-16.68338,-39.316,2273,640444
-13.910683,26.927069,2274,666120
30.672348,8.531143,2275,608349
3.4706433,15.183062,2276,657006
-4.2037,-31.084524,2277,680911
-49.89897,-13.844188,2278,665795
-7.4827466,50.674248,2279,677960
3.3036888,9.974339,2280,669432
-11.626589,-15.286435,2281,641447
-6.157381,6.7464056,2282,664074
-12.543867,-45.102642,2283,543594
-31.622372,9.55371,2284,624522
-18.980482,-15.199612,2285,661269
26.29736,-13.668165,2286,663897
36.610546,-7.324432,2287,664337
-11.474943,-8.213403,2288,656818
-43.76303,13.620605,2289,657746
23.81796,-41.727562,2290,670042
23.969967,22.317543,2291,669211
1.1671274,-14.816729,2292,543056
-7.787597,9.267864,2293,643377
-22.38676,6.377007,2294,658431
-8.931099,23.632439,2295,668723
-7.133293,-18.66074,2296,666163
7.9055305,38.002296,2297,663853
0.59141916,-47.62869,2298,663845
41.01879,31.329062,2299,641793
-36.946426,-21.913671,2300,607560
-33.357376,35.501724,2301,665759
31.92706,3.649944,2302,622503
14.483204,28.60363,2303,669294
3.311575,-8.85559,2304,666179
-24.215029,-13.840873,2305,669952
-12.903268,20.631649,2306,657376
8.700695,-16.586458,2307,663372
41.01979,25.849459,2308,664123
-3.3803692,-30.065128,2309,670056
17.107437,-20.419405,2310,666159
-54.048862,1.8205699,2311,685503
37.05088,5.8263426,2312,641907
33.864143,-10.698791,2313,676050
22.390306,14.5545025,2314,623465
-47.112206,-9.755085,2315,669373
6.039291,-0.557639,2316,677651
38.994,-24.108595,2317,663554
19.575626,-23.266823,2318,656457
-14.52384,-28.074787,2319,664141
9.1632395,-1.131299,2320,656413
14.509626,14.968852,2321,664285
-14.685648,7.9235525,2322,656821
-4.509884,8.871054,2323,641302
8.475857,4.0902762,2324,676879
38.297695,21.33309,2325,665155
-8.249266,4.496969,2326,656322
8.336625,-26.99295,2327,613564
-49.491394,16.300611,2328,669674
-9.984127,-10.890758,2329,547942
5.374244,-11.008316,2330,547176
25.204958,-17.001291,2331,656876
24.30913,12.179938,2332,660813
-9.32748,37.69846,2333,607111
36.62163,-28.380383,2334,672578
-11.661681,-24.630707,2335,663460
0.82890725,29.270956,2336,666801
13.874388,-23.227552,2337,641394
1.7555128,-25.171062,2338,663734
-4.0243554,19.940542,2339,655889
21.078821,2.4802814,2340,672640
-0.97534704,55.24065,2341,666201
-33.706303,4.005715,2342,666129
-22.960676,10.960637,2343,670955
11.226001,-2.2453632,2344,596082
35.387627,0.87456334,2345,683232
-10.494004,36.137074,2346,596049
-15.50388,11.7721615,2347,571521
-24.89252,37.58336,2348,657228
26.88352,1.5368932,2349,623437
39.390358,33.28452,2350,519326
-44.447624,0.12101276,2351,666205
-47.216915,-11.438365,2352,663799
52.249672,3.630343,2353,621074
21.92265,22.810461,2354,677865
2.080986,-11.137617,2355,453343
-29.403708,-17.797684,2356,656302
-11.511622,-43.657852,2357,672282
-42.901634,21.441366,2358,676840
15.318556,-21.290077,2359,656212
11.030221,37.62304,2360,670280
-26.434526,-21.586178,2361,641360
-13.287963,-6.4544883,2362,641927
46.911793,-18.354212,2363,621076
46.715946,-2.9502988,2364,621348
10.543242,33.589184,2365,650828
45.747177,-3.374152,2366,660546
31.408888,-23.363266,2367,665482
-35.51849,-34.945972,2368,663574
-14.148878,-44.964977,2369,675921
-26.592775,-13.762435,2370,670912
0.7852348,-22.738676,2371,656629
19.833204,8.397675,2372,669394
-19.473457,-26.984488,2373,656548
17.606266,33.451538,2374,676646
30.224304,-8.457838,2375,670766
-30.391073,20.816765,2376,668665
29.745123,13.6591835,2377,476594
-45.435345,-21.76953,2378,608328
-43.657093,17.73043,2379,622098
9.746579,7.0724144,2380,676596
-44.429535,-14.500384,2381,656883
13.699219,-42.696297,2382,669622
43.296833,9.87336,2383,664076
6.7454457,52.545727,2384,607188
-43.306686,12.112149,2385,663399
-20.584423,-29.868721,2386,663378
-35.322906,14.727653,2387,656849
32.666157,5.409326,2388,642092
40.067028,-11.641867,2389,606336
13.995,-29.203032,2390,667297
-14.149178,-2.6588478,2391,669212
33.560177,-17.010061,2392,656686
17.925682,50.044422,2393,656529
1.3038921,-50.119774,2394,647315
-5.154811,-27.272163,2395,595928
29.522879,30.635603,2396,547001
-32.778286,-29.543167,2397,650496
-6.077414,-29.943512,2398,608422
-15.988271,16.973915,2399,676477
15.922771,13.013658,2400,672701
-24.458817,-4.648579,2401,667463
-16.160173,-39.17989,2402,641540
1.1155415,-2.3653119,2403,641482
1.8681533,-0.49433577,2404,622250
-34.53258,14.172144,2405,640464
9.408298,-6.5727353,2406,656353
5.3601055,-4.675693,2407,672779
-30.463606,17.439201,2408,676220
-16.517021,-12.674977,2409,658551
-47.132874,-20.057768,2410,518858
-22.968945,-19.321445,2411,665621
3.8540215,-14.912626,2412,571676
-11.193693,10.171693,2413,572125
27.897089,-1.1981221,2414,518886
15.130215,-44.683273,2415,669145
18.204039,-4.7651916,2416,622088
16.849173,-11.0279,2417,641682
34.67479,-32.255676,2418,622668
-2.5574818,-39.707478,2419,542947
19.731401,33.466705,2420,624418
10.998014,11.675523,2421,614179
39.348347,33.383793,2422,676424
-30.474943,-4.8644977,2423,676604
9.601014,37.228542,2424,664092
30.874243,25.280926,2425,663474
-0.6085006,0.64854634,2426,518617
-32.71714,-4.214457,2427,680963
25.54473,8.921686,2428,672335
46.523167,3.0631936,2429,669701
12.161523,44.414646,2430,673962
-39.450264,-18.389044,2431,670869
-30.729727,17.362085,2432,681351
-25.005564,8.751286,2433,642020
25.406887,25.843298,2434,672279
-7.7433295,-12.150393,2435,673548
-13.095906,4.646389,2436,671221
-4.2226243,37.909267,2437,686823
9.8340435,-1.310463,2438,672356
-48.619728,19.67122,2439,686469
25.935772,-5.94515,2440,677951
20.823294,20.930529,2441,669004
11.522898,-26.443815,2442,681987
3.8140576,11.979584,2443,670156
35.049847,30.876545,2444,666018
-28.134697,-27.870283,2445,643348
19.776182,-30.878574,2446,650339
31.208885,17.22117,2447,682985
-3.2927532,22.463942,2448,668952
18.964224,17.483475,2449,679529
5.750007,-33.889946,2450,669304
18.578556,-20.420109,2451,676628
-3.9037488,3.7887979,2452,670242
-30.222101,28.008186,2453,661531
23.863153,6.61672,2454,678662
-16.524506,-18.297155,2455,669911
31.572912,6.672721,2456,656024
0.18214813,14.333832,2457,657247
-21.051836,-15.365171,2458,681146
6.4370203,12.68417,2459,669127
2.73848,34.451252,2460,660650
20.483122,6.350111,2461,672478
23.377033,5.4891872,2462,669397
41.665165,-8.329646,2463,681584
-1.3399328,-15.724233,2464,682998
46.276505,8.936344,2465,660766
21.274208,-27.247051,2466,676475
-8.124866,-18.697535,2467,678225
36.267994,-3.9202554,2468,680977
-32.762527,5.405776,2469,641512
-24.565031,-39.028946,2470,669261
36.158062,-9.298029,2471,671213
10.849554,-29.307522,2472,668901
-5.1919274,4.3461084,2473,671739
-36.176785,-10.763139,2474,682626
-28.363836,4.0780587,2475,683002
31.09047,-5.0917597,2476,668939
-36.206562,-2.3511353,2477,669065
29.735443,15.278157,2478,679631
-14.584723,43.216557,2479,677954
-51.488003,8.685824,2480,668709
49.073883,6.8464665,2481,680814
-48.48186,-3.9772816,2482,669003
42.16516,21.012096,2483,608841
-0.20750466,47.534863,2484,682928
24.251556,-2.5579305,2485,681082
11.414517,6.591404,2486,683021
-27.885403,5.8480206,2487,668715
34.64187,-31.783165,2488,666624
-13.05043,33.220695,2489,686681
34.88885,-8.481952,2490,678246
-49.62431,14.404241,2491,669742
24.915642,35.18157,2492,656495
-15.054767,-8.737226,2493,669743
-44.51677,-17.43597,2494,665154
38.665382,-4.8012905,2495,656448
-27.638836,0.43889883,2496,671083
-50.07281,8.337697,2497,641511
48.3435,1.9820768,2498,672515
-11.742574,26.139217,2499,672724
20.900633,-1.7685078,2500,668843
-36.242836,-0.62820405,2501,606019
-34.952374,-13.775175,2502,665019
48.387154,-2.116572,2503,673237
-12.600942,-20.002653,2504,682073
-47.4924,0.61226934,2505,681481
49.45962,5.023184,2506,687093
-26.285639,10.807753,2507,666464
-0.6092396,12.860054,2508,664848
31.773718,-2.4127605,2509,677594
-12.036624,22.317755,2510,680700
1.175456,2.2053769,2511,668472
-11.978775,-0.04346198,2512,666703
-19.629444,-25.210955,2513,656695
3.398179,30.671495,2514,677649
10.37138,-4.7667823,2515,669369
-6.8492427,-22.323866,2516,665923
-21.96768,34.685726,2517,683146
19.422134,-32.664116,2518,676950
32.15172,18.249395,2519,657709
-47.97204,0.6546553,2520,666134
-8.67539,2.495763,2521,672820
-4.684668,43.06624,2522,672580
-39.23583,-8.262931,2523,609274
24.61214,-24.12764,2524,676946
45.88521,-10.198295,2525,645444
-17.64986,-7.143861,2526,681546
30.881994,-41.653595,2527,656627
18.22704,12.918961,2528,686676
6.172078,12.785238,2529,677223
30.836624,33.66033,2530,676551
-30.114809,-27.27271,2531,666023
6.590043,-12.500338,2532,671056
-4.5074096,-1.9574015,2533,502085
19.895699,12.246366,2534,663911
-33.735603,-25.801073,2535,678894
-18.306463,-40.825882,2536,621237
18.77891,-30.969501,2537,675986
1.0302113,-37.94111,2538,680552
-9.63222,-8.478355,2539,680118
-14.294541,9.098782,2540,681962
13.933886,-41.83902,2541,670298
3.6891613,-18.81901,2542,676782
31.167007,28.252836,2543,665922
-10.666877,22.01032,2544,669309
32.73584,24.982422,2545,687257
-12.918841,18.567385,2546,672517
-35.232197,-22.07206,2547,682927
-8.462524,-9.797979,2548,682658
10.57219,-6.240606,2549,678860
27.281256,25.64117,2550,680607
-12.642635,10.34885,2551,683610
17.359852,39.023262,2552,680858
-27.320652,21.441578,2553,680579
-21.865507,1.961183,2554,678521
-21.835085,15.622857,2555,677570
-46.547905,5.921035,2556,677581
8.174184,13.281698,2557,687086
-26.716696,-32.784927,2558,691261
13.523008,-4.196003,2559,682630
-43.73439,1.5971471,2560,691277
44.686985,-14.042513,2561,677584
1.8831521,12.104172,2562,683297
22.43674,-11.611096,2563,668950
-12.744105,-5.1814466,2564,695078
0.45238897,18.5386,2565,666712
-41.532112,-13.271821,2566,680672
-37.642376,-5.993542,2567,694222
-26.547028,-15.399653,2568,673882
25.84403,-46.623653,2569,691193
12.893825,-21.102844,2570,643268
-3.8180969,-35.274696,2571,669245
24.040295,-42.873398,2572,694181
52.24708,-5.331663,2573,695653
9.096667,-34.03341,2574,672460
-22.941523,21.282536,2575,682793
-12.764958,20.437326,2576,699144
13.657758,-17.304861,2577,692564
12.977949,40.722458,2578,686619
-4.7602105,14.415444,2579,678690
41.021454,-9.893356,2580,691181
-20.359312,12.0271,2581,702208
13.519283,-52.612766,2582,691370
-3.2484179,-38.930763,2583,691387
-6.714333,3.545769,2584,694194
-28.159094,-27.769346,2585,684525
23.873386,28.945127,2586,699157
11.654938,14.047582,2587,696160
-33.058002,1.1735317,2588,691385
-35.25617,25.078009,2589,679552
33.380558,33.55554,2590,694224
23.959743,37.318882,2591,692046
-31.90645,-37.999653,2592,673036
26.096941,-17.53569,2593,694200
7.9545217,-2.5991766,2594,691399
19.437778,-16.058558,2595,676549
5.6657176,-26.32963,2596,702472
-11.019442,9.752189,2597,699114
-18.11259,-23.058472,2598,692031
-5.9580054,-11.010565,2599,672544
42.736336,15.286633,2600,692043
18.199198,0.0010565652,2601,643534
-13.39124,-5.749264,2602,677583
6.336336,-13.25433,2603,699052
-16.583633,17.942184,2604,691408
-7.767671,18.435709,2605,684109
10.518632,46.367374,2606,686555
16.014894,-28.902576,2607,691410
16.654667,-40.383274,2608,676513
16.430237,-26.528826,2609,667663
13.500728,-5.9996667,2610,668568
-45.946056,-20.73181,2611,681724
23.39174,20.269157,2612,657741
11.19588,-12.424935,2613,680918
9.552683,-39.60462,2614,672850
20.753242,-44.497257,2615,687036
-6.8949785,13.039379,2616,702476
-1.6571026,-15.647581,2617,696135
-0.7556941,21.59631,2618,677623
-16.355234,-24.096022,2619,702328
-35.634087,6.5535474,2620,680642
-7.2653246,50.504704,2621,680636
-12.343777,-34.58086,2622,695491
47.151104,-8.562482,2623,694976
25.401432,14.18007,2624,691191
-44.10051,13.172971,2625,682725
-35.693184,15.348927,2626,677620
-12.840666,-3.7423847,2627,692405
22.472954,-44.6552,2628,682218
-17.86026,10.923598,2629,687859
-18.766848,-34.11441,2630,674671
-2.7462506,-34.37538,2631,665890
34.24027,-39.880043,2632,680586
6.177862,-10.794016,2633,702461
14.026477,-15.727707,2634,688392
-22.836535,10.507377,2635,682631
-30.634903,-15.251722,2636,691617
15.482371,-0.29134145,2637,679845
40.22015,21.762695,2638,689374
11.677977,-26.469227,2639,682515
0.5723865,-4.150323,2640,680418
14.476795,-42.458817,2641,670231
-35.32799,-12.526692,2642,699130
-41.257843,-18.951065,2643,683451
-29.68211,23.035378,2644,694206
-10.221238,30.00348,2645,695707
0.9712013,-14.635973,2646,701703
-51.73462,-10.782287,2647,701778
26.368372,-29.878386,2648,694192
14.06712,-28.927483,2649,676021
28.52422,25.678183,2650,683061
-37.969543,-22.62685,2651,677307
-6.013679,17.930496,2652,685300
28.737795,-32.454735,2653,701496
-29.515076,18.524387,2654,691449
-26.003641,-14.836064,2655,682844
-26.367231,-14.670538,2656,669460
-21.461916,-4.6588187,2657,678011
22.692436,41.957756,2658,677597
17.734844,20.104004,2659,679733
26.041733,-36.59625,2660,680685
-41.00125,-17.210173,2661,685332
-8.814888,10.145288,2662,691789
-39.66743,-19.484493,2663,669363
26.279875,1.9338986,2664,656472
3.9363842,-39.946377,2665,687493
28.17604,26.042414,2666,684081
14.186763,2.6154613,2667,676085
15.129292,-30.357456,2668,687749
31.472763,8.986397,2669,691907
10.722075,7.322135,2670,546994
19.262154,27.252298,2671,694193
-0.45286992,9.100916,2672,672635
-27.654175,-31.677477,2673,673461
1.2867602,-33.02017,2674,641569
18.849092,-34.11301,2675,679563
15.9290695,-21.429062,2676,670128
-26.81123,-5.4690356,2677,665913
31.519093,11.347707,2678,691503
41.175293,-9.885637,2679,672775
-15.337092,49.087093,2680,666177
36.968216,5.4009843,2681,682266
-26.15692,31.444757,2682,669702
-22.273355,-7.5823946,2683,678315
39.461555,3.079048,2684,682674
6.2839613,41.59854,2685,669687
10.165549,-40.948715,2686,683536
-33.658993,34.230984,2687,656282
-0.07084136,32.326576,2688,670237
35.336002,-1.8422627,2689,685087
-3.372869,41.029205,2690,682196
-16.872366,27.658958,2691,695940
5.3185325,37.23627,2692,692446
-7.9799533,14.490811,2693,678747
29.892952,-37.917328,2694,695744
5.233271,32.860317,2695,695508
-15.07658,-28.767664,2696,679822
-2.368471,22.814144,2697,694183
-48.901188,9.047106,2698,694208
-11.035449,40.514214,2699,694218
11.024357,-20.87401,2700,691968
-47.549282,2.2108815,2701,682634
40.124916,-9.662932,2702,700840
18.93766,38.58181,2703,676679
-48.641407,19.091335,2704,676278
-15.469838,-12.636311,2705,692489
4.5703506,28.265844,2706,664770
0.46006262,-21.140106,2707,694202
16.727715,-20.640875,2708,678742
30.664282,-32.892967,2709,672018
-6.3881335,-28.539814,2710,691437
36.00245,-15.799786,2711,683447
29.22796,-31.244852,2712,672766
2.0481226,28.497416,2713,691645
19.574251,16.164188,2714,663584
-42.90904,20.642925,2715,683493
22.802166,-18.617783,2716,694182
26.570593,-13.777704,2717,678865
6.8023605,-32.158695,2718,677041
43.10963,-18.262547,2719,680995
-9.754172,12.643355,2720,682452
10.993188,-37.694065,2721,691267
-5.6591415,45.3531,2722,695805
-10.933215,-2.9132047,2723,682705
23.945713,20.775623,2724,702478
-53.79827,1.679715,2725,700685
-8.768544,46.463997,2726,683364
-6.312224,34.911316,2727,683389
-6.97366,11.502654,2728,664690
-28.923159,32.34666,2729,673765
37.589146,-17.953588,2730,661148
-1.6729301,8.200041,2731,656369
-14.769109,36.976616,2732,699115
35.489536,-15.410862,2733,692497
-3.4941032,11.299352,2734,694184
-25.209286,37.175198,2735,676509
-8.968242,-34.789593,2736,678849
-2.880655,-20.083958,2737,691184
3.974944,-14.049674,2738,665989
3.906982,-40.134113,2739,691478
-11.459904,-27.367878,2740,669899
-31.2676,-2.2531912,2741,657144
29.00758,-18.542152,2742,682947
6.5134,0.7940681,2743,669471
18.97717,-11.546875,2744,682796
-2.7032206,18.596966,2745,677602
2.1258078,0.043697912,2746,693850
-0.003177487,-25.758814,2747,686577
31.919477,-12.59924,2748,678637
15.20903,-41.67416,2749,694213
-7.1739693,28.907845,2750,680852
-38.84362,-23.536251,2751,691598
-4.6219625,3.2533276,2752,678534
33.89604,-11.797407,2753,694368
25.923758,-4.419048,2754,676075
-2.7970154,22.021864,2755,678828
-25.151028,31.024792,2756,690702
-7.88886,-25.139269,2757,686742
10.913915,29.81852,2758,678689
52.443707,-4.374041,2759,678851
-12.927788,44.69722,2760,691284
-38.09539,-20.090363,2761,694374
-34.68475,23.968729,2762,678489
-1.3793166,7.653727,2763,695521
-30.167126,39.875397,2764,699912
7.946394,-11.889781,2765,666452
-7.5284786,-0.6587289,2766,676327
36.229618,10.866497,2767,694760
8.52992,-16.314726,2768,692416
34.567142,-30.100077,2769,682636
27.223341,18.904148,2770,682005
-10.89557,-31.95232,2771,675966
4.427057,-4.8795567,2772,676976
-25.484798,23.173018,2773,701424
-2.3430197,10.703763,2774,647378
33.612022,-30.231037,2775,677942
-13.572163,23.81722,2776,682830
-1.2442429,27.125175,2777,689235
-5.9955335,1.2028675,2778,663446
5.607642,-34.969166,2779,689328
12.629266,-19.722666,2780,691785
6.914966,51.982822,2781,650380
31.30314,-8.452034,2782,680769
13.578008,3.7206364,2783,650520
-8.70246,28.055243,2784,668905
-32.32422,12.188057,2785,678413
39.090714,19.818146,2786,669384
19.692503,15.359218,2787,685096
24.845856,-17.19198,2788,686977
48.82992,10.554816,2789,691190
-13.123651,-19.739,2790,690992
14.560643,-38.546227,2791,672744
30.190737,27.316069,2792,682633
-7.29861,-5.9310555,2793,692036
-19.094341,5.6618285,2794,680589
24.62006,32.862843,2795,671082
12.191414,4.388839,2796,676759
-14.37851,15.451192,2797,592714
32.79204,-5.0265174,2798,687957
-40.99419,-2.0915265,2799,680577
15.267402,-33.7724,2800,683735
18.236422,-10.051369,2801,687052
-16.036007,15.522195,2802,677341
17.496754,-3.4241831,2803,689763
25.125692,-10.119778,2804,686531
-30.455961,-0.2337016,2805,669741
32.143707,-36.021526,2806,676811
-40.611443,-1.2624154,2807,694025
-26.786722,4.240693,2808,700824
-35.646008,21.956373,2809,685382
-13.269536,-44.715954,2810,669398
-13.187221,-26.78175,2811,681453
-30.287283,-24.71766,2812,668667
29.887104,13.457451,2813,691926
15.823808,-2.69113,2814,687020
34.79312,29.532312,2815,678545
-15.286491,28.852514,2816,680710
-1.3535187,-30.548296,2817,672656
5.217415,-7.060977,2818,688359
17.29801,1.716995,2819,694186
38.21847,9.981276,2820,657212
12.587535,29.04997,2821,682040
-7.049501,26.264187,2822,675961
-17.050426,-11.635784,2823,683550
-0.7845334,-21.744768,2824,687136
-20.293352,-12.488274,2825,672642
15.093803,44.8896,2826,694661
-0.58047426,0.35258007,2827,664120
25.925293,-14.606157,2828,691466
29.178526,-12.070234,2829,681334
10.432311,-24.051186,2830,691021
0.17115024,18.88294,2831,691783
-8.554254,27.817118,2832,686527
-5.4164977,39.89973,2833,666150
-32.007767,-12.99647,2834,694377
-27.133587,-11.745879,2835,683549
34.382862,-7.436506,2836,688658
5.793549,28.00574,2837,693304
-28.000425,-25.78763,2838,681323
-8.0462,31.574066,2839,678882
31.036964,-19.908869,2840,670208
16.452547,-5.108829,2841,677605
19.57482,-46.75446,2842,689047
27.704472,22.436436,2843,681143
0.22266857,-18.435638,2844,664097
-42.87793,21.496256,2845,691186
-21.559805,19.358097,2846,677347
37.990356,-19.524614,2847,668794
14.233023,1.201766,2848,683357
20.528698,26.891127,2849,665091
-2.8939695,19.438347,2850,669274
17.07813,39.072403,2851,701538
-10.445087,1.9250767,2852,666635
-4.955379,-8.991909,2853,674441
-16.38854,22.180311,2854,651016
-6.021199,35.748253,2855,687084
16.537197,-41.787174,2856,695578
-28.747734,4.4878664,2857,703715
-27.642176,2.2193854,2858,690987
-14.459668,-35.127834,2859,683494
15.507754,-11.718541,2860,665987
-21.078955,5.485407,2861,687529
-40.213478,14.141205,2862,660614
-43.24126,11.925787,2863,681624
29.91099,11.053689,2864,680683
-5.599801,-2.3349717,2865,668845
-3.2900946,30.199953,2866,686668
45.696774,-10.203838,2867,676595
13.7455845,-13.485292,2868,687799
29.289017,-28.690857,2869,667803
18.101826,-36.582397,2870,678554
-1.1677788,13.995866,2871,700932
-12.254784,15.332533,2872,672653
-18.370144,19.209085,2873,681831
17.459667,35.311726,2874,660659
39.474968,-5.5317082,2875,665820
27.108463,-30.38638,2876,687882
17.114265,27.605827,2877,663555
5.722991,-34.994747,2878,689172
3.6443765,1.4953216,2879,675448
-31.886803,20.821215,2880,680799
-8.519968,-27.630486,2881,670870
2.1753635,-29.706074,2882,675659
5.0920663,-35.481697,2883,670224
-26.711153,38.421684,2884,678682
23.662868,-40.992107,2885,687005
-28.28546,8.591227,2886,688760
-4.319314,45.840134,2887,663891
-5.976532,-35.240826,2888,679741
-12.734573,-28.150328,2889,660681
-41.17808,-11.982049,2890,701649
24.93324,17.523638,2891,657029
-34.902122,3.878633,2892,678926
14.405504,35.517788,2893,702250
24.847687,19.760891,2894,669898
-29.679811,-4.0210133,2895,687401
-21.114904,25.20374,2896,687981
-0.70912415,13.039356,2897,681297
23.091946,34.69648,2898,676059
3.785827,14.100992,2899,664689
5.903639,2.9771454,2900,672016
-4.81122,22.687796,2901,694191
29.174988,-3.4593694,2902,691285
4.9608283,46.28176,2903,656560
-14.486346,49.05558,2904,695603
14.725341,12.955295,2905,680763
35.415337,9.826285,2906,676572
-27.859985,-25.460938,2907,661733
-19.435545,18.325396,2908,665908
-12.771811,10.387164,2909,693307
22.638725,42.014263,2910,667472
-14.258219,8.303233,2911,672479
26.136244,-5.975769,2912,683011
26.654163,-46.28378,2913,665966
8.809934,19.616217,2914,680785
2.1650302,-29.8581,2915,681357
3.3617706,14.434834,2916,641323
9.444174,37.468678,2917,673516
4.978806,20.53852,2918,683083
18.57412,13.305488,2919,666161
1.5805825,25.575846,2920,688005
-3.0233095,-20.088871,2921,679788
0.07319601,-9.836512,2922,679739
-41.18795,-2.9354212,2923,670199
35.68762,19.0231,2924,668787
-15.449792,15.329425,2925,699393
-3.0085742,-40.602474,2926,668965
-3.6964493,-9.763789,2927,686894
-24.96823,22.477406,2928,686217
-24.198376,-13.235562,2929,672012
-19.355902,-11.50736,2930,691262
30.197643,13.569152,2931,641896
9.823272,21.759703,2932,687952
-11.487899,-3.6451843,2933,669442
-26.832375,27.45857,2934,665856
2.3842704,-6.030634,2935,686981
-7.822209,-13.975452,2936,687462
-2.119082,-26.506178,2937,677870
-2.6303515,-39.661415,2938,671088
-12.657965,26.43452,2939,673893
-35.47544,20.386448,2940,680718
34.510536,7.1836495,2941,674330
-16.177343,-10.511144,2942,683593
6.592376,26.611923,2943,685301
24.50177,-26.886744,2944,672823
22.681177,12.886052,2945,663618
-0.71926516,22.170927,2946,679881
-17.960842,-19.64384,2947,689822
-1.1672602,0.96560365,2948,690841
28.01385,12.817576,2949,621520
-34.701744,-4.8987346,2950,690443
21.953012,-7.0337873,2951,667372
-3.1087656,17.060799,2952,666206
20.333279,40.188457,2953,683469
-45.969948,10.926579,2954,679821
-51.178677,-10.656223,2955,663609
19.034344,32.789055,2956,696281
-16.253525,-16.17005,2957,672692
3.1231897,9.959398,2958,678006
30.345871,-13.370359,2959,686765
-11.523041,11.806398,2960,681715
4.8196244,-31.605968,2961,680881
8.049384,-9.863689,2962,695020
5.690174,-33.601524,2963,686887
10.611347,-46.95045,2964,686601
14.597417,1.4526466,2965,687997
11.249032,-32.970905,2966,702332
54.59137,2.6653583,2967,670113
44.512207,1.1215899,2968,670281
-7.848866,34.399178,2969,666397
14.920466,-22.915203,2970,663503
14.543924,-14.242763,2971,657510
-36.71933,4.568084,2972,694929
-13.368047,28.07619,2973,687066
18.252995,-28.570734,2974,678372
30.951277,33.75265,2975,621545
-32.14127,18.392605,2976,668698
-25.288956,37.51985,2977,679727
8.888126,-19.76177,2978,624417
39.6084,20.484245,2979,677731
5.7883406,8.256394,2980,642197
18.405437,-4.2135773,2981,666140
21.144491,-31.169598,2982,681941
-40.97147,-4.841223,2983,682714
-11.496126,-27.160765,2984,672566
-18.336554,-9.411171,2985,674646
-28.582508,-21.443047,2986,687867
-17.815914,-26.273521,2987,686984
-48.23381,-7.0809803,2988,687833
-5.7326846,-37.71311,2989,668789
25.47349,-20.003996,2990,669707
-8.251792,44.631977,2991,693409
14.618306,-43.76386,2992,663944
2.2549841,19.79495,2993,672733
16.450848,-21.106535,2994,682729
-19.851469,-14.50342,2995,693309
2.452909,-34.33188,2996,691020
1.3862821,5.759101,2997,686781
-14.554025,18.34145,2998,672858
17.548891,24.947367,2999,672463
2.0850546,-1.3304443,3000,683770
10.878197,-10.214895,3001,592256
-6.2173276,-17.044462,3002,677008
28.754246,-1.804719,3003,665839
53.06503,4.573044,3004,677800
13.948402,-36.929226,3005,807799
-6.5956464,12.5480995,3006,680869
13.478987,-30.230598,3007,691016
6.144332,45.31852,3008,687263
19.87676,-15.556733,3009,671732
40.932564,20.849958,3010,691718
-10.405413,0.26160514,3011,663368
16.670769,-26.829424,3012,666149
-32.198277,27.393944,3013,669477
1.604084,41.241043,3014,666165
9.307986,40.373436,3015,669364
21.265533,-8.86691,3016,680779
11.943801,-39.64308,3017,677588
23.741188,-35.112217,3018,694497
-37.585506,-21.682487,3019,676609
12.568058,-47.187443,3020,572138
-41.86572,-14.426332,3021,666197
44.199062,-10.538684,3022,691406
-38.500362,-9.453474,3023,676914
-12.054153,-12.330625,3024,686490
20.45346,40.107086,3025,664954
-3.6767654,-43.714535,3026,679032
-12.929873,29.96484,3027,696285
22.523607,35.090412,3028,686452
-2.119483,-38.151432,3029,682622
33.344463,-12.156785,3030,676761
-0.18031707,-42.18444,3031,682829
6.1361322,9.688677,3032,691023
-31.495821,-23.434172,3033,691026
2.121931,17.196863,3034,665877
-22.12857,-14.879113,3035,677592
0.22403727,-10.053683,3036,669224
-12.846813,4.501167,3037,682641
52.258137,-5.1667557,3038,672275
34.7676,7.314731,3039,682617
26.958605,-9.021946,3040,682848
-11.569747,3.6141102,3041,694384
11.080316,29.162407,3042,666906
-26.005495,30.929417,3043,696100
31.701006,16.257793,3044,657088
20.293238,-8.221636,3045,677941
45.06751,-9.206259,3046,693049
18.887875,-28.089888,3047,691176
-10.993812,25.396654,3048,663550
21.050524,-26.846762,3049,683737
14.276887,-10.461629,3050,685133
46.146946,23.835457,3051,669200
-5.2125697,-17.485313,3052,666152
-34.31517,8.906393,3053,686759
21.70005,-21.973682,3054,680574
29.623276,-23.2362,3055,676356
-12.92174,28.861061,3056,676070
-47.005287,-10.186329,3057,663731
8.280933,39.235374,3058,663967
28.870453,21.264906,3059,670223
19.01255,-23.500427,3060,669699
-12.022329,-32.43627,3061,543482
