1-tsne,2-tsne,3-tsne,pitcher_id,pitcher
-2.309188,-12.375589,-34.688187,0,532077
29.642681,-31.54287,2.545085,1,519141
-14.108583,-20.783007,21.582642,2,607352
36.03414,7.2695575,-7.5285664,3,446399
-9.776039,-4.2111716,28.830843,4,446899
5.7017975,-7.3993597,35.302944,5,592717
-11.135917,25.588108,3.5083532,6,598264
-11.263,-0.97481346,21.320276,7,543726
-4.286229,19.68264,5.4483366,8,592390
-28.440466,12.277961,24.294338,9,456034
7.620649,-27.953878,-9.919381,10,541640
-6.75261,17.645792,7.5364814,11,489294
-14.561257,29.529566,-18.59088,12,517008
-15.809194,-5.3383913,15.936617,13,605309
2.0937428,12.507144,-35.154198,14,543144
5.552062,12.892557,37.712765,15,502202
6.871154,-2.7287314,27.522486,16,516714
-21.032402,-14.777421,-30.238138,17,543195
-30.842571,-8.173447,-23.09832,18,518617
7.3212066,-42.308994,10.882383,19,502026
-14.280071,11.441197,-3.4807801,20,623439
10.038664,-1.4838785,32.533463,21,600917
-1.4382331,-43.48101,-3.6755834,22,595032
39.573933,5.6157045,-5.259387,23,527048
-24.611086,-8.344487,-29.122667,24,543272
21.6484,-19.873196,7.9341483,25,543339
16.455435,-10.166888,14.358934,26,517414
14.272462,9.485811,9.255575,27,453344
27.083002,18.079548,29.413004,28,611093
15.171269,17.819456,-14.851975,29,643355
4.458792,11.771021,7.2135396,30,518560
24.350327,-16.880604,19.812542,31,571863
-5.9712954,9.520824,-11.333234,32,518883
5.2071495,-8.826615,-24.20801,33,592866
-34.74136,14.1574,-7.3505864,34,453281
-7.794355,-19.678406,8.008306,35,504379
-14.071744,31.921764,3.7877107,36,455009
14.620936,-3.539486,-14.733786,37,453172
18.657097,5.386169,-34.22161,38,455374
1.6754344,7.456339,3.8371818,39,425794
30.763023,9.958952,5.92864,40,285064
6.876293,33.821194,-6.345525,41,446099
-0.35170642,8.842929,-12.752019,42,656186
31.83127,-9.181505,-10.007097,43,543056
8.076455,-42.530422,4.9384027,44,491708
22.967482,14.635814,26.445316,45,521230
19.255524,-16.977654,3.5738752,46,592533
-2.4096494,-23.603228,-33.37101,47,640455
-39.71276,-5.353577,-11.829837,48,519381
13.367032,4.2478757,-36.80251,49,433587
-32.742107,-3.059971,11.325655,50,593576
2.7350163,41.503304,12.060929,51,449104
4.915783,-15.308053,-11.903268,52,570257
-1.9983916,40.04755,-0.20629166,53,592527
-1.2575327,-16.0951,-1.5772213,54,572831
-4.3535624,20.685968,-20.533037,55,592340
1.3842363,-21.725464,20.842321,56,605396
-37.895905,-13.248218,-5.0883913,57,519294
-15.537828,-3.3326216,-3.950444,58,595191
18.821783,-8.182079,-21.149155,59,460283
11.274992,-22.223452,-5.1423635,60,593679
-30.840265,15.487527,-11.258879,61,445213
-21.874971,5.7446923,12.747499,62,571476
-7.3720675,32.48398,-10.832695,63,573124
10.770841,4.745308,25.245844,64,545363
19.291412,-7.7904267,8.17908,65,592872
-8.027918,29.386864,19.365221,66,594951
15.69078,-18.991636,21.146229,67,573668
39.306503,-3.4032562,3.4201927,68,621244
2.1722171,-12.125595,-17.065706,69,519242
15.120511,1.6936744,-15.914301,70,608349
-8.247837,11.356846,28.434202,71,543734
-6.2477136,14.944605,-29.940523,72,592804
30.940395,2.241222,25.173296,73,448614
29.3408,4.6481485,-13.535155,74,502522
-24.19228,-7.3608065,-21.121386,75,608032
-19.536184,22.255642,-16.374212,76,430641
10.84114,-11.5147085,27.634047,77,571539
28.826103,-2.0114758,-15.245301,78,608566
-7.5416284,12.392608,-4.244044,79,501697
10.52747,-10.9968605,20.933037,80,543746
14.012987,24.697748,-2.4146633,81,572788
-28.53397,7.002063,1.8364686,82,453343
-10.413717,3.8279586,0.2952444,83,628333
10.120222,8.305694,-32.427692,84,623395
-8.005461,-19.741707,5.541784,85,519301
22.103148,-24.362097,-12.502026,86,625643
9.316603,8.77248,-24.637104,87,543017
-23.229889,7.329812,30.017887,88,424144
6.4450316,-36.860588,17.517817,89,596331
-19.86418,6.1162753,-22.479155,90,641627
-2.4392495,13.030344,17.185751,91,592169
-28.882584,-17.525335,0.465002,92,453286
-26.564243,-2.3279424,2.9751227,93,592593
20.680122,-9.268563,33.454372,94,543408
22.188179,-11.85556,24.2693,95,489265
12.751185,-20.578432,-3.0945263,96,430599
-21.6109,-4.455932,-13.282857,97,519043
-21.828714,22.336054,18.394493,98,520980
-14.54638,-29.397413,-2.9324064,99,594795
-2.031438,-13.346961,-2.9931219,100,622072
-23.824276,-8.2712345,25.887457,101,451661
-0.15504706,7.600112,16.703154,102,501593
7.7743044,9.272276,-36.728058,103,628317
11.764695,-8.5455475,7.1145287,104,457732
-3.1027634,-25.417381,20.865677,105,448609
4.1690497,23.044584,-8.68606,106,500724
-6.01285,-7.4653654,-14.253967,107,594311
5.0916524,-4.7508874,-6.666402,108,468504
-1.693839,-18.147997,24.655863,109,502087
-12.289396,8.604979,-21.36712,110,624586
6.6088033,-0.83848387,-1.2117044,111,572086
25.096622,-12.101882,-17.744398,112,462382
-7.682141,5.6732554,6.232796,113,541652
39.65758,0.60837704,-9.252338,114,542432
-31.971153,-3.6447268,-0.9604183,115,434378
-22.80178,-34.567566,-6.209772,116,527054
-8.660969,-6.772776,38.78675,117,592102
-5.828559,-26.864695,-2.3450317,118,451584
7.621218,-24.183039,15.105379,119,453192
4.3851624,21.597942,4.4799204,120,458708
-9.416449,-24.50183,-2.5315502,121,465657
24.420395,21.57551,-14.957855,122,453178
-16.9996,-1.0740651,-16.85601,123,605218
22.22875,20.014166,-22.686737,124,628452
5.872423,-24.239388,7.9572344,125,518748
-24.712185,23.085136,16.867296,126,475243
-28.16727,25.16175,-7.2423906,127,502028
-11.0393305,1.1208156,-10.944832,128,501925
-18.026428,-21.242054,12.686597,129,456027
0.34660557,1.9265151,-32.408493,130,593974
19.056585,-3.8886023,2.7018654,131,543557
-9.86088,8.491175,14.434434,132,471822
25.096304,-2.2396207,27.315212,133,543294
-10.850312,18.579493,-7.786096,134,596112
25.102114,15.714655,10.074066,135,502154
4.871507,16.075327,12.059229,136,542947
-1.8102455,23.818892,8.291267,137,592332
-19.40846,-21.696499,-1.8274587,138,476589
14.466215,31.370283,1.1280193,139,453284
-3.886345,16.388988,1.8242545,140,518927
25.037197,11.959603,5.6863055,141,570666
10.580728,-30.831207,24.714699,142,518886
28.644688,-6.641357,18.183907,143,276351
-25.612848,-15.580654,-4.1733537,144,523260
27.998198,-1.302407,-5.307067,145,457918
32.369976,7.268995,4.7531867,146,593958
2.3271527,33.8605,-6.626596,147,502706
-7.365772,-14.131424,36.876293,148,592222
11.158797,-6.090626,13.561022,149,407890
-1.6762613,-0.16596645,32.10521,150,543606
13.047926,17.621624,-32.727757,151,599998
6.0477195,-2.192491,-5.118376,152,643327
19.956356,11.642353,-15.01095,153,534812
9.494521,-37.239838,-3.7824433,154,605151
4.986994,-17.134762,7.9572644,155,523848
-1.8893543,-13.08604,-13.143015,156,453385
-22.868933,-26.2381,-9.169028,157,493200
-14.476865,13.953749,7.2412186,158,553878
9.162381,-0.7460878,7.3699193,159,543779
15.171152,10.251946,7.3100066,160,641771
-2.095911,-8.247978,20.738148,161,621199
5.7153625,32.58454,25.324331,162,572096
-16.245771,-2.5948308,23.206419,163,462515
-5.0272694,-5.904383,1.0154111,164,608379
7.3095727,9.409412,12.415557,165,425492
17.374014,9.175052,-4.825191,166,621242
19.79534,33.099815,2.7070239,167,623430
33.191124,13.842157,9.664935,168,518553
-3.5497327,-23.037409,-15.704147,169,448281
2.580951,38.04223,-18.323053,170,519267
-10.300746,-31.880606,-1.9551449,171,543883
20.865835,15.902947,27.735905,172,573064
-21.454487,-17.557886,0.028194616,173,605194
-22.423744,-11.860846,1.1584656,174,519322
28.477034,8.482427,25.723255,175,547874
-21.870848,-23.065422,-8.006548,176,544727
11.736024,-13.625311,21.404219,177,592665
2.7117743,-26.165443,-23.8401,178,477569
-20.245358,-24.752996,-4.5056324,179,456696
3.6234872,27.791271,-16.725546,180,570663
0.40107363,16.889496,-31.648546,181,572119
15.055661,1.6589394,-11.266296,182,112526
-26.68488,-19.035166,-7.192544,183,497807
-0.38527542,-31.943115,5.425329,184,607309
3.8160584,-6.2662454,18.538237,185,573589
16.291464,-13.156824,-28.812506,186,608638
-26.706196,7.4579873,17.931196,187,542953
-9.300443,-11.61649,-13.812328,188,502327
-22.480188,-12.269138,-10.891187,189,448306
-1.2088683,0.6729228,16.086382,190,606930
-2.5426145,23.950762,0.5519333,191,493603
3.4758577,-13.389987,22.946981,192,543475
-5.889334,-16.283726,19.849157,193,572750
-17.19381,-23.020811,-27.99258,194,503449
12.82599,-11.187614,-17.156645,195,656546
-4.631365,-10.664914,-28.592163,196,475479
8.558106,27.469296,5.815961,197,519240
10.2078085,30.205427,23.948305,198,518875
14.199332,20.570448,-19.261301,199,407845
8.409753,15.165673,32.67987,200,430661
-10.219939,6.022972,-10.803964,201,595014
8.299061,6.280388,35.926064,202,543699
-3.4932394,-3.6287003,-17.973328,203,612672
6.825629,20.196913,-31.019384,204,445276
-2.795337,-12.286746,27.84434,205,621389
15.628174,2.2807064,10.55413,206,477132
28.59161,15.22258,-12.777196,207,571704
8.382656,-18.601168,-1.1516727,208,519085
-27.070276,25.373466,-14.790696,209,543521
29.295437,6.440062,7.7182055,210,474284
5.9282928,21.96462,-1.8623552,211,501625
18.864222,-10.4863405,-5.8050427,212,500610
28.070772,-0.74860317,2.0841923,213,592091
5.006333,-25.725855,15.956031,214,573046
-1.9689302,-4.1193023,-40.431858,215,572140
3.627993,-0.59278286,11.4845,216,458677
2.134571,-7.853917,28.774897,217,475054
-14.891228,8.317135,-32.240147,218,606291
-7.724474,-25.953321,-1.0818996,219,594986
-14.000898,-11.701552,-31.940613,220,572888
32.22735,17.0207,25.745073,221,594760
-22.131191,24.504059,12.513539,222,543935
12.578804,6.092829,-3.0710301,223,519455
29.433744,7.5207357,16.899231,224,572044
-0.36182895,9.195528,3.3887608,225,641838
8.475939,-2.8168902,24.230888,226,621381
8.66093,28.697893,-1.8655105,227,605182
11.235097,-10.4817295,23.877655,228,453249
18.181967,-7.8169575,-23.647615,229,545333
5.581961,-16.57931,11.240807,230,518397
13.01403,-25.476116,17.027006,231,450172
6.681105,6.4191585,-9.053134,232,547973
10.678795,21.111301,-0.6822161,233,547179
8.539075,-6.2164545,35.17945,234,444468
27.961111,15.50325,-1.4670446,235,467008
22.654066,5.529924,-21.631886,236,452657
-14.60474,-10.143156,-6.8547044,237,534947
4.765346,41.47014,10.206097,238,476454
-12.327949,-21.81256,10.400427,239,543118
-17.87659,10.900379,-31.935392,240,542960
-27.56223,-10.769939,-7.9645963,241,643354
3.0169215,-28.570154,17.599903,242,461325
0.2873759,4.917844,-18.481293,243,571710
12.039073,15.589561,2.2450128,244,489119
3.5486705,32.15906,-7.8639994,245,489446
1.9233602,21.524954,21.935247,246,656547
17.365702,-34.20495,4.660867,247,622663
2.4346547,-35.1411,-13.364649,248,572193
0.3297926,4.8896008,34.434345,249,571901
-18.704084,21.664465,9.256215,250,493157
8.212269,-10.135418,0.8812388,251,519144
15.941644,0.4322801,-23.917841,252,462136
-12.633979,13.893437,-21.747948,253,473879
31.15495,9.578155,-20.992174,254,544836
32.587223,12.881001,-2.5372412,255,456713
-3.795948,-24.599752,18.313797,256,501817
-4.851391,31.249323,-13.231054,257,476123
16.044678,-2.180131,-25.422016,258,542882
5.772427,15.569781,-26.34706,259,506433
14.644497,2.042605,18.935902,260,571578
-0.7305726,-20.744907,2.672432,261,594857
-31.365988,12.25531,24.194916,262,429719
21.468235,20.187056,-14.312381,263,640463
-6.8999214,31.035149,1.0042634,264,571800
20.631248,-0.27437735,6.517641,265,452061
-4.7438374,5.414626,-2.397455,266,593372
-28.562504,21.350813,-9.535653,267,607192
-11.729372,-21.067543,0.46567595,268,594943
-26.127617,-6.9487653,-4.040447,269,592836
5.573191,-12.920436,26.096006,270,593417
16.81739,6.592093,-38.549206,271,472610
-2.2487864,-2.8628435,9.507084,272,594742
4.597794,11.765368,-21.338654,273,607229
-15.528757,10.74672,-30.921646,274,592454
13.7729,-25.492039,9.2551365,275,518858
-12.318191,25.425802,10.489907,276,572990
-13.7398,19.726862,21.859411,277,534737
1.537284,-37.174187,8.871935,278,607074
-0.688217,38.856907,-15.604333,279,608648
13.559122,-25.514784,6.242075,280,518452
-1.1586119,-7.236584,-42.46609,281,608718
-5.1608033,-20.413477,31.86908,282,573109
24.013378,19.544592,-11.948591,283,430634
14.669511,36.748745,-0.6138691,284,514669
9.985005,14.9214945,-35.374454,285,445197
-14.681924,-0.9667783,-5.554915,286,488768
13.836217,-7.4866014,22.701445,287,502009
-0.15483835,29.541649,0.52855134,288,595918
-25.915977,-13.935677,-15.395912,289,433586
-22.073658,22.215073,-15.144759,290,488786
-15.64721,8.44716,1.8047575,291,434442
-14.593343,27.248411,16.012724,292,571882
-7.770087,34.93053,-0.65970373,293,518516
-10.411236,23.031101,34.51712,294,502051
-21.574015,-17.871342,5.150956,295,435221
-3.2187438,24.023766,-25.355429,296,448179
11.542013,5.690031,-15.57772,297,643297
0.70519274,-35.27849,2.9490826,298,600944
-27.478243,-3.2389262,12.823256,299,572308
19.335377,-12.166847,-25.777271,300,642229
11.479381,6.0517583,-35.3373,301,502748
-25.244343,-11.60023,7.375451,302,408061
24.51289,-13.880178,-13.741672,303,607231
-0.47653088,-18.719553,-12.169258,304,592433
6.4401717,-42.86486,7.6713233,305,596057
-19.42533,5.7070284,-3.9560616,306,594792
-6.4338818,-2.0070677,31.815205,307,503444
-14.216365,-5.4241695,-20.585445,308,605538
0.43591627,14.34258,29.560133,309,543766
-2.4097471,-23.53675,2.6386251,310,543169
0.55688226,-2.055307,34.446987,311,519096
-9.250449,17.282972,1.4941939,312,570649
24.969975,-15.37897,-0.12089447,313,607320
-2.193015,17.54033,9.186116,314,543483
-19.09772,0.5540389,-30.273159,315,593582
-0.11196134,0.3174008,-23.350237,316,571561
-19.956972,-2.663758,25.922573,317,502239
-30.598423,-5.5815043,-14.501422,318,595001
-7.0328083,-32.39131,8.694683,319,594772
-12.312788,-3.1636515,-8.45562,320,592869
-27.953856,9.9613,31.550993,321,621294
-7.404786,3.4827719,13.149311,322,503285
16.13504,36.80716,2.8375413,323,592741
-6.3519487,6.56615,-28.262177,324,488846
3.9322288,17.511889,22.486362,325,461872
19.833422,12.929005,8.587887,326,451596
13.068476,16.151218,-27.466005,327,572021
-25.088217,-11.723633,-13.11765,328,501381
-3.245309,3.064768,-15.985725,329,502042
36.84646,5.2101064,-9.842167,330,543359
-11.876942,35.240864,-9.246043,331,500779
11.754185,-17.307617,15.444829,332,491646
-43.983597,-1.4680794,-6.449084,333,571871
-4.8464837,21.842749,-6.620781,334,518567
23.88152,-13.819736,4.7126074,335,476451
29.15274,11.873177,12.262633,336,608665
6.9936857,-7.537962,2.298355,337,664641
-25.23018,-2.3163009,5.539489,338,516969
13.914489,23.907108,21.934772,339,543859
15.080525,-32.841915,-3.572302,340,432934
4.4835777,-41.86726,-6.7841644,341,502043
14.92692,-11.739391,-16.02585,342,518633
1.1271882,1.9090997,7.789165,343,571893
-16.034197,22.81783,-1.2623818,344,607727
-16.279547,4.1130176,12.414257,345,474463
-33.46963,-0.24769165,-12.845864,346,600526
-8.129411,-35.661526,-3.3396134,347,543184
25.714815,-25.195246,10.534276,348,445926
-9.573736,-4.379388,39.776566,349,628711
16.944931,9.933878,-2.5624268,350,435400
-1.4231739,4.175387,23.48477,351,459429
-41.947502,7.055311,-3.9064982,352,519326
-7.9746695,-33.03841,-2.614214,353,425657
24.714468,6.6069946,-3.204093,354,456501
-11.244422,21.438873,8.733241,355,592351
0.48962572,-3.8598137,25.51812,356,435043
0.62391955,-8.337892,39.847736,357,573185
-3.9773068,-36.925194,-5.2776685,358,621052
-18.302746,-26.73043,-12.211805,359,467100
-19.872454,-17.912443,-14.364555,360,642239
-28.050184,-5.034406,-13.275363,361,598287
10.131763,-15.609073,24.351952,362,282332
-35.345116,-3.8669844,5.582725,363,547749
-4.712952,5.8544025,12.393853,364,582494
-31.292513,10.351855,1.0056596,365,596064
-1.5750898,24.143435,5.7320924,366,573186
-20.148905,-15.139336,-5.4294863,367,434622
14.743637,16.888117,14.346578,368,592662
7.881948,-39.35856,0.9929872,369,605452
-14.567708,25.219578,-4.068168,370,502085
15.786004,-10.398198,-30.963745,371,456068
7.7754207,-40.9762,-1.069171,372,605483
-4.409808,16.383392,19.296696,373,452666
-5.8829875,-8.20296,-6.2756386,374,450212
-20.771128,5.7341294,-27.206516,375,501789
-17.58429,-4.7979183,8.367286,376,572020
27.318022,5.516696,-2.6149385,377,450729
3.956126,-35.577717,-16.473951,378,605388
-2.0617082,25.95225,20.932035,379,592314
-6.6201186,-14.662085,13.0672035,380,434672
-10.041002,11.044065,-8.732976,381,446321
-18.614275,-17.782227,-0.1660661,382,543542
-14.3829775,-29.257378,-18.370565,383,543243
19.936209,-0.030982021,-2.2527776,384,607625
13.400116,1.980112,-0.87593067,385,570632
-10.142784,7.8199396,-2.505411,386,493247
-11.676887,-0.79586685,5.706225,387,429722
38.790638,-0.33246148,10.7089205,388,450306
9.312731,29.257456,-5.91029,389,430935
2.955327,-33.342087,-17.181221,390,502624
10.4661045,15.811488,-5.541636,391,543506
-20.235556,2.2896419,-25.226606,392,548389
-3.265791,-8.586736,-39.29316,393,571473
17.848417,35.78392,0.76215386,394,606131
-19.168564,9.362017,-10.260683,395,592254
18.718594,13.227863,-4.8770065,396,457429
12.854633,-32.875614,12.361677,397,519293
-9.925397,17.323063,-33.01895,398,543022
-5.399577,6.8782163,25.476643,399,595345
8.422448,22.108353,25.089993,400,502188
-25.482513,-16.987541,10.2478285,401,571572
-22.723183,-5.793407,-24.620337,402,543278
21.592815,13.679972,1.7439044,403,605242
-27.132507,22.914232,-11.519604,404,594736
-12.696358,5.5279074,-18.893688,405,502083
-10.486926,16.426998,-15.036934,406,543101
3.3146892,-1.3900646,-26.720388,407,502190
14.302102,19.43824,15.675344,408,453265
-10.27728,-31.329443,-21.982126,409,592791
-37.343853,-8.595593,3.2038949,410,453562
10.9158535,20.851889,27.35148,411,571951
5.9014974,-37.166454,12.731868,412,453329
-6.1751266,-1.3476036,-16.927103,413,434538
-5.6547365,-2.5222237,-14.456558,414,501957
12.369448,-14.46627,37.619274,415,571946
20.52818,23.817514,1.2522458,416,279571
4.4688516,10.906014,-24.953232,417,461829
14.663185,27.759464,-11.39701,418,458006
24.328228,2.1847851,-14.286866,419,445968
-3.525105,-24.502882,-6.9494705,420,544993
4.605356,33.34961,14.621891,421,502171
-14.652564,12.97596,33.87478,422,606965
9.043351,-16.889528,10.208505,423,571666
0.20697875,19.374884,-2.5273674,424,605894
13.109757,28.690151,6.763714,425,592614
-13.199523,-10.755287,6.094769,426,445060
6.0660586,-21.813183,-0.4117984,427,596043
17.381556,-3.312271,-14.685729,428,592789
-2.1031113,-7.2279673,5.515384,429,543548
4.502875,14.283013,-1.9974191,430,519151
24.950874,-0.18341297,-10.691205,431,519076
-27.376656,3.570587,11.970623,432,456167
-27.226532,-21.041994,4.378259,433,592779
-24.257744,20.14691,-16.917717,434,592612
26.445433,22.983528,-16.656418,435,548357
-21.58934,18.178617,11.858567,436,150274
-16.087545,-26.674118,-18.899197,437,542866
-14.915034,-1.2567518,5.768371,438,592644
4.652233,12.027718,-15.972108,439,542888
-5.376128,15.721903,-10.995021,440,592330
3.9411275,17.625324,-27.247015,441,572102
3.951234,14.355684,-19.75526,442,570240
-25.33011,12.956814,23.558048,443,407793
31.70165,8.317518,8.174375,444,488984
2.2786236,23.890707,9.022394,445,542609
-32.01547,6.499519,29.453926,446,448178
-19.115095,16.79425,-11.172952,447,592767
4.420429,11.958883,-30.360731,448,502381
13.4081745,-24.552683,-12.308997,449,450308
42.26858,4.7028847,-3.4946542,450,592130
18.415161,15.91683,-17.580334,451,607457
-6.81336,-18.060953,31.193708,452,606160
-11.779181,15.617547,7.6255713,453,543045
-15.741942,4.337543,30.517042,454,490063
5.117828,-19.302181,32.743835,455,571656
-13.091123,-26.908953,-6.5078,456,446372
-4.0483522,-8.619802,15.877993,457,425532
17.337173,-16.547132,-16.884058,458,592815
-17.383348,-8.131216,9.340003,459,594577
-16.393919,-1.3890868,-9.4252405,460,596133
23.559536,-5.967997,0.042483505,461,448802
18.762503,-2.0425384,-12.536208,462,457435
-11.921801,-16.346346,17.521305,463,643230
16.20446,14.543295,-9.766047,464,608337
11.020124,-9.5402975,-4.4550323,465,546276
-22.819387,-15.007431,5.01284,466,433589
8.048197,-8.878245,22.402727,467,606983
29.779032,5.894659,-24.88211,468,594840
11.330257,3.7978737,-17.827208,469,605226
2.2345881,-1.3521117,25.691324,470,607259
15.020207,-2.269338,-6.8107367,471,518715
-17.381512,-20.976843,-26.95365,472,502004
-13.622136,32.0937,-1.8218892,473,622097
-13.273129,24.628613,3.595944,474,276542
11.485386,-17.822176,-2.8710084,475,605397
-22.935593,15.034478,7.0407176,476,518716
19.183142,7.243217,-6.193111,477,460059
15.51437,15.2824955,12.4527025,478,434671
1.5525576,10.329816,-29.881372,479,571510
4.769592,14.845121,0.34028536,480,542881
0.8583503,-12.130563,-33.74318,481,605232
3.2110515,-3.5720396,4.3664794,482,472551
2.5674057,-19.562431,-23.6122,483,605164
-29.556484,-14.050829,-5.971256,484,502046
19.499052,35.572987,3.1719825,485,607359
2.6058013,13.447987,7.0200334,486,434628
-3.6518815,0.87676406,33.01184,487,453646
8.175119,-16.901577,34.56661,488,543054
-9.079154,18.662924,37.020157,489,543219
20.400372,-29.080532,10.835299,490,518468
-32.89103,11.127385,22.007154,491,543380
24.462526,-3.4778876,8.589373,492,641490
4.6598964,-21.342548,15.528687,493,605152
25.34961,20.596266,-9.275717,494,608678
12.301688,8.647815,-8.368211,495,452027
-17.203754,-12.905824,13.993661,496,519186
17.336123,-17.873571,-2.8183186,497,544150
13.516359,10.557307,-32.763916,498,548337
-30.427258,11.620642,4.717037,499,593140
15.195321,-8.496204,-14.530789,500,450275
6.7405963,-11.367046,7.367552,501,431148
16.980383,24.790098,-4.865266,502,605200
21.956982,-6.5999722,-23.23304,503,591693
0.88421124,21.162214,8.05192,504,474699
15.12113,-24.373661,-8.371684,505,621295
15.962932,-15.145205,-30.00384,506,285079
39.220104,3.9826581,6.274755,507,408241
-18.76758,21.129883,6.8741846,508,430912
-12.45704,14.950568,-29.2327,509,547888
-4.714324,-0.017514793,-1.1216998,510,519168
-21.06557,-12.498687,-21.673937,511,544930
-20.248405,-26.080845,-10.289839,512,605541
8.722497,-27.86637,26.81362,513,543901
-16.679901,-6.458846,0.2750832,514,545332
13.960947,4.2407756,21.199244,515,425844
-21.029314,-8.540293,-10.628479,516,605228
-3.086752,-23.886354,-26.587332,517,444857
33.998344,4.4497857,12.782637,518,543716
-0.15545237,-10.979483,37.401592,519,407822
-12.043866,-28.887291,-11.163318,520,594985
8.83638,31.677128,1.0678301,521,488748
10.540975,-8.13362,-23.09164,522,593969
-17.221054,-17.758305,-29.80116,523,623406
-11.252265,-40.168606,-5.433653,524,544759
-17.709806,4.052606,-21.836922,525,502032
12.083983,33.45783,0.922355,526,519437
18.236013,12.06203,-26.728184,527,622795
-23.9826,-1.7793039,-21.603638,528,471911
14.404024,21.993244,-16.149937,529,573009
20.914331,8.282178,27.780756,530,621219
11.96009,-29.117407,10.386541,531,605525
39.023895,0.8096069,-6.7904296,532,571616
41.0128,2.105983,7.159192,533,448855
-10.935341,-28.553772,9.305805,534,523989
-7.0762897,-22.87679,-4.8865294,535,605222
-5.675755,29.788336,-1.6282294,536,430589
9.581729,32.777187,5.946792,537,543037
-40.830074,2.3446543,-10.497982,538,554234
39.487843,-2.8105338,0.71768486,539,543507
35.530773,10.79663,12.76677,540,517593
28.9251,-27.166258,3.8350213,541,571911
8.436674,18.563639,12.767394,542,544931
-14.325867,-11.5227165,-36.63033,543,430580
-13.4474945,10.009278,10.591899,544,517629
-2.0838223,-9.853361,22.9019,545,533167
16.25693,-4.594977,12.417459,546,502272
22.98186,-15.729213,15.502609,547,491703
10.777467,25.075922,-6.1859593,548,592826
-20.876698,-7.3349967,14.73815,549,580792
-19.110868,3.975342,-1.9008423,550,643338
-20.101566,-5.7567897,21.878101,551,592811
-15.653289,5.852935,26.243164,552,594798
6.5536885,-7.9329395,-13.890083,553,453214
-2.814046,-4.2335706,-30.478647,554,519263
-5.9790587,-7.9581914,3.4767785,555,425426
5.1577063,0.2053086,33.116165,556,458584
-2.983234,27.277132,23.90352,557,456701
-23.126429,-16.851421,-13.3546715,558,572971
34.047565,16.059282,-11.108509,559,460269
-24.461927,-16.886501,3.0141168,560,553883
-24.486376,5.169703,-12.53997,561,519008
18.074373,-4.639465,39.74305,562,573188
8.867124,12.387557,20.010967,563,446185
-23.043009,8.36122,36.11472,564,543964
-7.075891,-19.973158,-36.515335,565,592170
24.81511,6.8787556,-14.465842,566,527055
-22.548624,31.016188,2.2732768,567,572283
28.798067,2.467564,24.233345,568,477003
-0.87137765,-22.026087,-34.450684,569,547007
19.388355,1.1231741,14.331502,570,534627
10.71165,-20.394379,-17.025343,571,606167
25.80377,12.153435,11.08569,572,475247
11.28658,26.740469,27.733578,573,623184
-3.3885021,12.892067,-32.692017,574,643603
-18.018814,-4.847023,-10.799235,575,592422
26.494009,2.228093,9.83608,576,447714
-4.4691143,-17.482384,0.8596527,577,449173
14.790927,-27.68695,7.3756595,578,542587
21.229868,7.7446766,8.164901,579,571670
-10.572649,-26.515146,-8.094253,580,571927
-6.588298,-12.675535,-29.889381,581,642003
18.74057,-17.6683,20.694576,582,606273
1.2369542,9.533226,18.113548,583,429400
4.8144774,2.0311475,17.112438,584,595307
17.556013,23.04705,20.826752,585,543921
-11.430796,-34.20358,5.6196423,586,599683
35.944767,1.2444109,1.4545897,587,500871
-28.452677,18.512608,9.969378,588,608334
32.28034,-25.130312,-3.5644724,589,433584
-20.753366,-31.513685,-11.882146,590,543135
33.520866,-5.9307,-9.23388,591,542674
-17.723536,6.076244,-27.465246,592,621107
-17.8338,-15.676081,20.143269,593,489197
0.9068726,-2.7844825,0.6610382,594,449097
-17.044464,15.296931,26.08529,595,592341
-0.13369212,-4.4745975,-9.516712,596,605359
6.469051,20.259089,-3.370969,597,453311
-2.084861,30.272263,-19.53684,598,592127
3.791689,9.485261,23.996252,599,596049
-19.94546,-22.763823,2.9887838,600,534910
-3.5411148,-5.1804986,26.780579,601,592135
-13.027633,12.497172,-27.263506,602,621121
-16.94122,5.638831,17.801886,603,407819
-12.291251,0.31454694,-4.716809,604,543698
3.189911,-9.177623,31.079987,605,451085
28.79086,17.658012,25.065153,606,434718
-9.253676,9.357173,7.0529323,607,462985
3.951092,4.3142996,-36.196873,608,544928
-31.120253,-8.549292,15.438296,609,607067
-12.288904,0.07623864,-28.786045,610,621408
14.275925,-19.979588,-13.629779,611,596143
25.711506,-23.417774,-9.385648,612,501992
2.453562,14.802168,30.894772,613,451783
-3.3727367,0.42435458,-10.371761,614,657205
27.095457,-26.638884,6.066961,615,605400
8.2876005,-7.6693335,9.7305,616,474521
-28.814426,-0.43324924,25.051651,617,460024
20.394379,36.46483,6.4022694,618,621385
0.3246191,16.797077,34.750145,619,346798
-10.833076,-18.135956,10.595985,620,501822
13.778805,27.965979,10.36786,621,607374
-33.41421,-1.408769,5.6771884,622,519166
-9.373854,35.06423,6.5838013,623,543424
-12.165667,-29.88106,11.185514,624,543334
23.20824,11.656343,16.618587,625,459987
-4.343481,-21.15608,17.304888,626,457711
13.54403,-15.993703,12.179129,627,458730
22.237122,5.3689713,-8.879531,628,516910
-5.354767,25.70342,24.726128,629,547943
-28.197954,19.615168,1.4006983,630,592419
-5.447401,-42.649784,-3.6494675,631,592346
-8.840702,-33.163914,6.9516416,632,407908
1.7767035,0.2095378,35.01698,633,607706
2.421442,-18.914764,12.28067,634,518774
-9.125519,-12.896074,21.173222,635,605177
-18.125055,8.862238,-15.87675,636,451775
7.193087,-2.2822313,-25.263859,637,452733
-28.22757,3.62531,-23.882772,638,501955
-5.309181,-29.37202,-12.954866,639,471083
13.531697,16.362724,19.924288,640,592407
15.978943,20.043287,2.178843,641,592426
0.09719033,27.536644,-5.1827974,642,534606
-9.10313,14.774455,-26.421656,643,571969
12.706517,-5.023194,9.557444,644,543391
-19.251781,-30.179346,-1.0085795,645,600301
1.7117525,-22.221449,-34.966652,646,446381
-5.083686,14.17704,-12.494434,647,572365
-17.08411,3.7197688,-8.500298,648,608717
20.81167,-12.262115,7.4464116,649,545357
25.80958,13.642294,-10.695236,650,457456
-20.823107,-21.669426,-19.782627,651,456071
-17.841654,8.773228,9.700179,652,543331
28.135908,-16.895931,-0.0032835717,653,605304
-29.831665,-0.040376827,1.1259209,654,444436
-1.491249,33.02931,-10.879592,655,468396
-21.843937,-33.467674,-9.715601,656,615868
-22.57922,-8.659716,-23.564817,657,571035
10.630064,-1.413784,39.533833,658,425856
-12.833146,-24.72693,21.765825,659,460077
19.073534,13.943608,2.4000819,660,572208
-11.888156,5.772382,-4.7337484,661,474668
-7.332195,9.340013,-13.981269,662,543456
12.359486,0.05317295,22.96957,663,519344
-28.793608,8.61407,-14.247859,664,612434
14.967645,-5.218862,5.5792556,665,456124
3.4532285,-14.940704,35.33592,666,504083
-1.3208686,18.376999,11.7364,667,517448
-2.0208404,-1.1843013,-8.899952,668,608167
15.407807,15.320382,-21.314375,669,474029
23.741339,-14.113306,-27.262253,670,643325
27.00792,0.49195296,-0.6777564,671,592716
-14.126422,-0.88955194,12.514188,672,502211
-13.128431,37.782967,-10.080046,673,461865
18.599894,-19.125725,12.858165,674,458537
-13.17665,11.36984,13.250366,675,500765
24.641527,0.625229,14.867423,676,456379
-11.50334,20.38699,-9.080106,677,571963
-20.449278,17.837345,-1.7334415,678,489002
-12.109613,12.843634,-14.772945,679,539438
-5.5861664,26.484806,-1.9622841,680,542194
4.810097,-13.713184,-23.806374,681,641501
2.402226,-6.4620056,20.983326,682,453307
6.268692,-23.261179,16.8935,683,461833
7.9247537,-3.8385026,-28.114437,684,543776
13.288227,-1.1337672,-9.646324,685,657670
0.57991403,-19.52404,22.31911,686,621209
-24.705173,-20.308212,-5.4366355,687,457915
-11.847906,6.377182,-25.491304,688,595235
2.2799358,-31.870222,-10.357364,689,502285
26.099274,-9.587982,-3.62308,690,506560
-43.630623,-11.187514,-8.343254,691,570714
0.028908452,-32.497963,20.907368,692,571584
-12.231446,-0.8138454,-10.067512,693,425626
-1.7883904,-22.650187,-5.9262977,694,457768
-30.149048,14.153099,17.47225,695,572403
-9.116876,24.935455,-22.04726,696,447755
23.978094,-13.978593,-16.12404,697,425835
11.07238,-4.272909,-12.803682,698,514913
29.705383,-32.094494,6.942823,699,594027
-5.8362474,23.244576,-24.687658,700,542884
5.84746,3.1688523,13.210601,701,643550
26.899149,15.82172,15.665472,702,502457
-2.1337204,-8.028266,1.2296431,703,572309
12.220551,-5.5310454,29.041862,704,515052
-6.5253663,2.1038885,-32.734623,705,605476
14.957227,10.648508,14.525206,706,453222
2.9515066,21.280327,-9.149875,707,444520
0.4461915,-1.8318092,-25.96251,708,450665
-17.18434,-33.17881,-16.314228,709,457779
-3.8461905,2.9410486,39.717434,710,572033
22.333029,2.0678346,2.0310304,711,476570
-17.77354,-11.670177,-0.35789782,712,543242
-13.271144,5.718687,-22.918234,713,572070
-5.019799,-37.361916,-17.314789,714,502593
-21.822575,18.656315,6.2087436,715,458678
5.393582,16.840498,14.631741,716,648737
7.1112747,12.209452,-22.296307,717,605135
8.820464,11.593483,-7.554184,718,518693
30.331133,0.5658142,-27.40105,719,543900
7.4326563,-11.56447,-27.082842,720,433579
20.21947,34.591846,-1.67145,721,621281
-6.946117,-21.788687,-11.129429,722,450203
3.241539,8.328154,7.529206,723,554340
2.4650214,0.9752152,37.939198,724,543532
-6.290331,-17.810427,-19.180119,725,572038
3.763497,32.945736,16.684738,726,460701
7.350763,-14.73544,26.19662,727,429780
-1.1001391,-11.6036825,8.580597,728,543261
7.08946,-2.84721,14.832869,729,571735
14.140642,-9.477716,-4.465057,730,518790
-10.136742,-14.6849165,-23.955605,731,572362
-20.735031,-12.281996,5.057204,732,501936
-18.699547,25.419163,2.1916342,733,621397
-17.186293,29.527534,13.852273,734,434137
-40.158592,2.5512288,-2.93994,735,595465
20.084312,3.1698596,-16.110533,736,450282
-22.240767,-12.141045,-19.596722,737,504186
-23.145788,5.3472457,26.215706,738,475138
-2.5528874,-11.388912,16.303823,739,571760
5.9206076,15.805953,3.0057833,740,516414
-6.3657866,-2.8824282,-24.448881,741,475115
-9.961888,6.336791,32.632915,742,608698
12.964769,11.626084,12.759854,743,542225
23.036095,-16.497309,-17.431921,744,542326
32.45724,-10.6166315,2.2377098,745,592677
-44.8597,-6.3580427,9.851241,746,531565
37.491474,-0.2882669,2.1057475,747,476595
-10.81807,-10.2560005,30.570892,748,593334
-23.530258,-13.7294235,9.852645,749,608601
21.253256,-21.843025,18.634928,750,656756
37.5583,7.526968,-4.171825,751,596271
-23.22178,3.6763961,11.180285,752,664208
-35.47614,-9.07342,1.5489415,753,657681
-36.12578,2.7861047,-1.0437883,754,502130
26.647913,-7.422269,-18.710602,755,596720
22.836426,5.845403,29.486101,756,613534
20.937496,-22.387335,11.699671,757,650828
-4.9744167,-5.6406083,-27.570724,758,605333
1.1109914,-11.775634,0.92048603,759,605795
12.732513,9.875826,-18.290844,760,643320
31.818096,3.6783895,13.327161,761,605441
3.1108303,0.7275294,-7.613477,762,621094
23.58358,4.348501,4.4713044,763,571948
-16.21598,-12.681438,-7.6115184,764,644364
-32.325783,16.844929,16.02081,765,641850
-10.59026,-21.246952,-26.625002,766,601713
4.8339424,24.638655,-12.492943,767,623167
1.4314585,14.323857,-15.966472,768,592865
0.066787444,23.640688,-15.453228,769,645261
2.0736732,31.555784,9.4035635,770,658792
-22.108252,5.837619,8.326561,771,605154
-6.6102576,34.53132,13.280305,772,656427
-6.269432,24.04235,13.962934,773,621111
11.445722,37.97512,5.7924633,774,622608
5.3407583,-3.3992174,4.316268,775,487675
-32.84946,-10.744418,-5.2728505,776,607536
16.980627,7.453715,-35.950863,777,642564
16.986784,2.8201716,-4.6338625,778,594056
22.324993,-14.998845,22.1871,779,519443
-21.838966,18.737885,-26.964525,780,584171
-11.547264,-1.4697641,12.415798,781,622382
-5.432998,30.00953,-15.104741,782,641729
-2.8957634,-31.189045,-20.76082,783,596027
7.260103,-19.177805,31.819727,784,594992
-18.870275,-34.35875,-17.374014,785,608652
3.9934762,14.938557,23.476114,786,592547
-2.6207554,-7.3221817,-27.001696,787,605240
31.941109,11.578314,-0.093499556,788,458690
12.109685,-22.262716,2.0572937,789,621345
-15.165207,-26.988892,-13.5977545,790,608331
-8.86204,-23.096577,-13.101696,791,607215
19.311604,3.660934,5.043909,792,543208
-11.424972,-22.814531,-13.5076885,793,607455
7.011992,13.204044,26.07163,794,641835
37.22054,0.0002475402,-21.629951,795,570702
-23.256386,10.069855,29.668818,796,641941
9.076748,11.895784,-12.528967,797,641871
22.623343,8.190977,36.056496,798,489334
-6.202656,-4.8405166,26.732092,799,606625
11.398143,3.3735657,-9.647185,800,502179
-8.052473,-34.12023,-17.668097,801,572728
-9.082344,19.48835,-16.968824,802,600965
-0.43369603,-8.2115345,-10.596198,803,594580
13.266273,-18.073053,-16.085022,804,501563
15.050296,22.525368,3.6160896,805,605254
3.2332406,-0.10497388,7.954305,806,642008
-29.90439,-4.4715533,15.212868,807,623149
-35.40772,-2.891769,-9.260944,808,607473
-14.734014,-8.235537,-34.849915,809,506693
-19.557219,15.078555,20.125172,810,623352
-28.077229,-9.583986,-0.7862535,811,595411
14.643969,-9.2323475,-6.8349485,812,518813
9.621392,-19.737495,13.126802,813,595928
-19.71198,16.319517,-8.392776,814,518445
-22.919638,21.742096,13.77842,815,642083
-24.781727,10.869979,0.62189883,816,622492
-26.528408,-15.161442,-9.336758,817,554374
-5.572746,18.749979,0.08818491,818,592879
-4.016029,-14.349763,-23.798323,819,623451
35.83162,11.07666,2.7806954,820,500872
-5.2532187,-3.0097344,3.4602675,821,607481
28.668571,23.954264,-16.846962,822,622217
1.7097888,10.500049,30.238026,823,608371
4.872316,-12.426257,6.6966543,824,501985
19.813274,8.187309,-23.05585,825,596001
-11.0376,30.25469,12.222935,826,622161
9.835551,5.237195,-3.3380337,827,594835
1.8773212,-35.09576,-10.115702,828,543508
-25.20044,18.42204,-5.230376,829,605195
-7.3836327,-20.08422,23.538597,830,622766
-2.1802793,-40.113518,-8.61508,831,594902
-10.945151,-4.3539953,-15.321636,832,572998
14.006131,-39.398937,1.2789576,833,622505
-8.832745,-25.701279,18.37259,834,657610
7.575319,36.04176,-11.248464,835,607237
-8.647814,-10.336972,-35.395058,836,571787
-28.068007,13.984052,-2.7575002,837,642231
-0.7389732,-28.480286,-4.9393663,838,552640
-22.90878,18.024952,-0.664246,839,592773
5.3667684,-13.630362,3.7896874,840,606424
-18.027578,-2.8468566,7.811218,841,627894
-1.0209392,-4.929383,32.90278,842,606149
3.6017113,-8.318694,-20.70169,843,621237
-16.515915,-5.646485,-34.85781,844,629496
-7.0045433,-22.329777,25.076878,845,607188
-21.436312,-10.419558,-8.839324,846,543867
22.606586,1.0566161,-31.206085,847,641427
-41.94069,-1.0854083,-8.195203,848,592229
-0.71524787,4.905235,-16.443256,849,545348
18.097746,13.199843,-32.83879,850,607219
-27.85185,2.639125,19.293333,851,627500
-5.3883734,36.876232,8.578896,852,458681
-4.506425,-8.27029,6.540837,853,571521
6.728563,-4.2806,-35.91609,854,608716
-30.416105,-1.4677701,-2.2653077,855,596071
10.061558,-29.664553,-1.4824697,856,643410
3.709621,-4.754964,9.960905,857,635903
-2.8768833,9.904499,-33.394035,858,502212
19.147163,26.72144,-5.639682,859,623913
-29.741076,14.053571,1.5832462,860,605540
-0.061282903,7.8170457,-34.211407,861,656794
-17.124222,24.08484,-3.5054276,862,643493
-7.8477902,11.591864,-13.524985,863,596816
-25.548994,0.8978181,-20.060656,864,659275
-6.819197,-2.9655328,20.042883,865,643617
-8.666334,5.046698,-12.338713,866,642073
1.843369,11.031276,8.702182,867,656945
-2.161985,-7.0598497,11.034969,868,592499
24.213394,14.125283,0.019907597,869,621058
9.132788,-34.420906,2.2854722,870,607951
-12.279594,18.114489,27.532173,871,594867
13.106855,-16.50898,2.405329,872,620982
20.55742,9.269237,-21.627357,873,591701
-1.4049864,17.810228,17.104557,874,606959
-5.8140664,-13.000678,26.685146,875,573127
2.3534749,-19.413528,25.081009,876,594815
-34.22957,-5.865838,-16.122675,877,593144
0.9527821,-3.8337984,16.281609,878,641438
6.505506,29.15866,6.7559037,879,641816
18.733324,7.573733,11.621453,880,592761
6.363078,-10.686937,0.83410656,881,521655
10.990955,-22.175303,7.948965,882,644428
12.983069,-6.564084,-12.923793,883,605204
17.326117,20.853956,-22.93219,884,605169
16.015545,-12.0128,-5.357663,885,542963
14.92106,10.397648,-35.22628,886,622491
0.28093982,41.162018,1.5855237,887,600921
-5.7197695,-26.1612,-15.381796,888,592279
22.88451,-23.339272,-10.302374,889,547982
21.330112,3.0543098,35.675068,890,592473
-8.859079,-8.35733,10.141766,891,503566
-22.85763,9.877234,-0.7541602,892,607162
-2.5998151,-20.061047,-6.4691153,893,608700
3.747544,5.0129933,28.183098,894,607200
-5.8706403,4.889995,-34.51444,895,623454
3.0920243,29.655365,27.329794,896,519048
-25.423756,-10.360614,-20.82892,897,621112
-1.7158873,-35.68146,-7.8523917,898,643329
22.39299,-20.73844,11.58133,899,518614
-31.185637,20.698515,-7.523308,900,608650
-4.5865874,36.53316,14.346767,901,571697
27.250395,-3.2585826,-16.352013,902,600986
-8.197772,18.849207,-20.691599,903,465629
-2.9967647,4.1321287,-35.164375,904,518566
-15.41573,-12.391951,9.3411875,905,570810
13.049067,7.054447,-10.729092,906,491624
-5.0230722,-29.915123,-20.811468,907,543357
-32.043777,10.445782,19.793495,908,491696
31.740894,-1.6928102,0.2850805,909,592570
22.661427,24.936575,0.90915924,910,474039
11.985593,7.090047,-17.779564,911,593423
-1.8804072,-24.486998,-3.8503895,912,627262
-1.8984904,-3.4099553,-1.9158697,913,543652
-17.323792,-10.465615,-5.2997737,914,541650
21.116137,-29.170721,-6.0865216,915,592592
2.9287639,15.153398,-21.994936,916,643414
8.276266,3.8292928,17.273123,917,614179
-2.5752187,18.053959,-11.923068,918,545064
17.359339,12.441896,12.861194,919,554430
34.787334,9.096455,14.19182,920,664701
-21.30146,15.595365,11.041092,921,542924
-1.1323097,25.661423,-26.769594,922,573016
-2.7978084,5.297861,-26.228676,923,605428
20.824389,2.7851484,-10.941221,924,598271
15.027044,-16.526419,-25.076202,925,643778
24.411148,-0.85691917,24.817053,926,602928
34.06113,-16.331797,-2.3087823,927,445055
4.9048367,-12.94075,-7.792634,928,457117
-8.987897,1.8742241,-34.223396,929,642098
-12.558889,32.989258,-12.192801,930,602083
-8.412465,-19.621902,10.451317,931,592753
-34.160828,0.4748378,30.422865,932,493114
-21.961878,-4.3995852,-35.873886,933,622703
-1.3173608,1.0197052,7.1791697,934,605347
-2.900651,-17.305471,10.69765,935,502011
-3.887077,-16.33181,-36.92096,936,592233
9.12647,-3.7343998,17.75826,937,276520
-0.4238486,1.1488459,-13.690944,938,573244
-19.37695,-13.468982,-25.895456,939,608328
-6.1006303,-36.280685,15.171189,940,434563
-13.09116,13.607139,16.636784,941,455376
17.139498,14.418122,-34.18448,942,543031
12.707586,-0.9327673,-19.970734,943,571676
-4.033057,5.671627,-4.5248227,944,430947
3.2175865,-11.670817,18.730532,945,433217
-23.503023,-4.4391212,9.971793,946,600968
3.1058254,4.8846645,-13.257356,947,605528
-35.36637,-4.8282504,10.963482,948,621056
-25.061089,-0.5703492,-25.360304,949,607968
-19.590294,-14.593516,-28.231108,950,595234
-19.106026,0.16032165,8.514846,951,592833
3.3645468,35.44289,-17.533318,952,514981
-25.456957,2.8907015,-25.783327,953,502273
16.5053,8.2335,6.615586,954,458676
-28.5334,10.344851,4.914608,955,572955
-12.629367,-9.084905,-5.6814833,956,592120
-8.640003,4.520185,9.63164,957,466948
-11.289468,-9.495193,-19.665176,958,452718
-10.203437,16.582697,10.972954,959,542914
18.436321,1.7024752,-19.848112,960,623434
-0.06541085,13.620187,18.459337,961,545346
20.394573,-8.4982395,14.950259,962,492841
1.4388969,18.98664,27.88745,963,425386
24.215385,-9.986557,6.5913286,964,597113
-13.382285,-8.838688,17.709568,965,643466
3.7319105,6.7109575,-0.55519253,966,641851
-10.102587,36.340496,-8.135357,967,608723
-6.489065,-15.234104,-4.5441556,968,622772
6.199445,-11.5793295,-22.469084,969,525768
-21.409805,-1.2000098,27.115252,970,605260
-10.80166,-24.422058,-18.801413,971,622774
1.0399728,-9.673545,-4.735161,972,642232
5.9887834,-6.110409,-31.082893,973,455119
26.933546,-8.932522,-5.9285865,974,592705
-6.4068,-3.1624227,-28.308846,975,594965
20.657797,-18.87112,20.344912,976,641712
-5.866658,-31.195974,-12.309727,977,596295
19.163216,-0.41040754,-14.325463,978,543903
-22.20101,12.079762,3.680373,979,664196
-16.7124,20.345594,7.4067974,980,605280
1.0579356,-6.8399944,-10.472298,981,605301
4.7095995,-2.181106,26.678806,982,642152
7.3405805,-32.119976,3.4529705,983,664856
-22.101387,5.13801,16.37875,984,518489
-0.898435,-38.417255,1.5723432,985,605501
17.770267,-12.392561,-6.494275,986,656954
22.788265,21.185879,-6.5596557,987,596074
-16.051947,13.246729,9.646792,988,642528
20.801281,-0.0052768337,29.331022,989,641755
-5.1051064,-18.89867,22.052423,990,605498
-20.908207,-5.6166954,-7.0766006,991,643316
-8.455846,-16.687475,-2.7545936,992,657624
-25.479675,-23.671642,6.9097934,993,664180
29.566797,13.1122875,-9.039481,994,622783
20.186588,-1.6998855,2.5873113,995,605513
27.040838,-2.0590115,-3.3328738,996,607755
-11.525701,-17.241783,-31.048697,997,641793
-18.259289,-12.760566,34.88189,998,622554
5.884463,-4.030595,-15.317861,999,458924
22.405643,-27.929222,9.4849205,1000,624133
-1.8721216,-16.571941,-14.090654,1001,620454
-11.32761,-10.337533,17.109125,1002,661255
4.5711236,-5.5119505,-33.062935,1003,605155
-15.001496,15.646159,-21.833645,1004,664192
3.4574738,-34.934563,-19.419115,1005,607572
9.166913,-15.947343,-15.924084,1006,621366
-11.378213,-33.308025,-14.276258,1007,650895
-32.191708,-19.015366,-3.9897125,1008,448167
-34.82311,-9.250005,-14.680093,1009,592712
-19.948603,20.348358,-19.546904,1010,571945
-0.40667343,-7.0676236,31.49291,1011,623354
12.448343,6.4324837,-24.146864,1012,622098
15.331058,13.465505,-12.04152,1013,670950
9.147206,-15.286313,-1.6983722,1014,641341
4.9360943,-37.266594,7.6904974,1015,605143
-37.797768,5.0063686,-8.363187,1016,605446
-38.521557,-3.7246816,-9.867023,1017,606944
20.706297,11.964525,-6.4149356,1018,669203
14.244448,26.34456,-21.04429,1019,657612
0.010793941,-16.429037,22.078129,1020,657053
27.392088,23.44049,0.22717802,1021,673633
-14.7785425,6.8651195,-14.031205,1022,628318
-9.409447,-5.7022567,8.223709,1023,622259
22.239595,9.653648,29.72379,1024,656798
19.701246,-20.516607,23.566883,1025,664285
-11.676628,-23.4051,-21.174564,1026,606162
8.968616,11.587323,12.619451,1027,593833
-2.7101102,-20.97045,10.164666,1028,623381
-0.117631674,-28.10577,-13.405222,1029,641962
-17.392809,-1.9620543,-19.439571,1030,670036
-31.654371,8.337173,3.6755738,1031,605488
-17.906288,10.503296,-16.804125,1032,663855
-29.968157,1.5307548,-9.474006,1033,660875
-2.2603312,-24.855282,-12.5386,1034,592468
-12.627274,22.35561,11.232118,1035,605156
-18.422842,3.8315632,23.55846,1036,642545
10.701128,27.411303,22.181091,1037,623402
-11.1032715,-1.5513029,-5.46283,1038,543193
-26.742453,17.24635,0.6060166,1039,621261
4.7561817,-1.3953032,-9.032653,1040,664682
9.738225,36.691757,6.235788,1041,605276
0.29713798,-24.891401,3.9632168,1042,572143
-1.9717195,1.660615,-23.058052,1043,643256
24.385946,-28.789211,9.010661,1044,623470
8.059878,23.837187,-10.603411,1045,656354
-4.4265666,-0.20928334,9.035859,1046,656977
3.729154,-42.52751,7.351006,1047,592145
-37.68446,6.831892,10.43918,1048,592858
6.0347958,20.684002,15.826099,1049,623364
-27.558712,14.795749,7.107136,1050,476594
9.238921,-8.980117,-15.056613,1051,641778
-26.817774,-7.115447,-18.482983,1052,621350
-5.075992,32.886776,0.39063781,1053,475857
24.134157,12.360491,25.344849,1054,642558
-17.39182,8.431407,19.185677,1055,621289
-9.054099,24.27535,5.351701,1056,624427
21.528374,-3.5691893,32.054424,1057,457754
28.095415,-6.7074113,2.498563,1058,630023
-6.366998,-11.620251,-11.077057,1059,622694
-4.9285746,-25.22158,-21.301828,1060,622446
19.098633,17.859713,-26.016155,1061,605255
-25.514725,-9.855599,15.849212,1062,657571
2.1535532,-11.56658,10.066502,1063,641571
30.156267,17.848541,28.002762,1064,657209
-11.216862,-8.383799,1.4712926,1065,672335
22.735315,-27.99006,5.007363,1066,656887
7.7047467,-7.698868,16.738722,1067,669456
16.210007,0.5179587,-27.454893,1068,621114
12.41168,12.995075,1.5275016,1069,657140
2.6652927,12.05939,15.578234,1070,607054
5.891284,-24.528454,5.1580734,1071,607644
-5.307449,9.675293,8.362183,1072,656803
10.276668,-32.637333,23.235395,1073,622075
-14.967756,8.772644,12.076202,1074,660853
-14.954491,-30.022493,-21.109472,1075,656222
-4.2010527,-3.6526892,-19.984745,1076,656738
15.349243,8.851947,13.231573,1077,657117
-12.970662,-7.517335,24.282324,1078,656257
-1.8436438,-39.57132,-6.186916,1079,640464
0.846918,-38.411587,-3.791975,1080,641656
16.583208,-23.513952,7.399288,1081,621142
7.7062745,-11.983822,-23.85887,1082,642547
-9.164889,-20.053745,-1.5666906,1083,595897
30.231106,27.566063,4.0325294,1084,641745
-11.459602,-12.494584,-6.311035,1085,605121
5.461058,-26.152786,-17.990345,1086,516472
-16.701057,21.311085,-19.301401,1087,669060
-9.578487,-26.661737,-10.211083,1088,623465
6.205111,38.915165,-4.834047,1089,657786
-15.357492,-21.329323,12.2137575,1090,596101
24.273766,15.794745,12.048593,1091,656814
-9.477046,7.287182,22.698233,1092,621098
18.12043,29.288084,15.276819,1093,642028
-16.172384,-0.32777473,14.741278,1094,664028
12.503526,-28.454441,12.89924,1095,656629
-11.93324,-23.395885,2.8726518,1096,660271
16.332571,31.148973,-20.02605,1097,573166
23.774904,16.355064,-1.1807927,1098,641525
30.830107,3.831282,-2.0802674,1099,641154
-16.762283,-3.1581793,-21.5026,1100,543001
26.560371,-2.4884477,21.47496,1101,488818
21.745325,8.331878,-15.4237995,1102,592094
-18.074898,-28.226206,11.024174,1103,518586
18.781576,-6.617647,32.457733,1104,663465
7.4253144,1.6696504,-29.96592,1105,664068
-3.3476806,-23.770021,-0.38909012,1106,596451
21.627958,-28.145376,-3.1456692,1107,591672
4.340837,-11.516526,-18.509342,1108,642571
27.746557,-1.3297316,15.042072,1109,621141
12.14093,-4.239471,6.1156826,1110,594987
4.3145075,-30.973087,-9.110494,1111,605288
0.18971446,1.6256999,-25.321114,1112,607030
6.1211495,18.035025,30.141811,1113,641149
-22.587101,0.8284949,-23.338541,1114,640447
7.744381,32.779587,23.622784,1115,571602
5.389082,-33.446632,-16.187346,1116,641598
12.038961,2.407866,16.378109,1117,656725
33.712337,1.1698992,-27.614819,1118,502143
-26.611414,18.04817,-9.040618,1119,592238
15.543201,-22.945606,-21.402897,1120,408314
24.671442,14.819924,-14.21433,1121,460576
-0.068593465,-5.839077,-25.795408,1122,571771
-13.749214,29.88791,5.9417167,1123,607387
13.0936575,9.464728,-25.331602,1124,624636
-12.898466,-22.295073,-24.848108,1125,519203
21.73595,-27.377153,-13.0886965,1126,605170
29.480684,19.38279,12.303073,1127,664023
25.44749,-8.512098,16.802841,1128,600303
-6.1299596,-9.211223,-15.921558,1129,542946
-21.411743,-25.983894,8.592253,1130,622864
2.9341135,-19.7998,-13.341014,1131,553902
24.079735,-29.99355,3.3308306,1132,607468
-30.788662,-16.353216,0.6332514,1133,663432
0.4507837,-0.3825789,2.5065637,1134,488671
15.9746475,-13.774888,-23.551764,1135,664869
27.020348,0.44826472,-31.587156,1136,425772
-35.02091,6.075881,-17.635933,1137,448602
2.8789206,-13.6749115,4.62841,1138,462480
-7.6369934,33.619034,7.9370346,1139,489448
-22.031776,12.233185,11.5790205,1140,607216
-11.640834,-14.580027,-31.319422,1141,656805
-7.625036,19.108662,-34.703358,1142,543258
18.292921,13.6230545,10.79371,1143,657228
-11.942233,30.673164,3.3602142,1144,606995
33.746796,7.920795,-20.22316,1145,621249
-13.571211,-8.425375,-20.134935,1146,594824
-4.282643,-34.3442,-17.536129,1147,605486
-21.39691,-23.355415,0.93351996,1148,647336
-39.08065,1.1337743,7.2596297,1149,446386
-12.6798935,8.620325,25.389528,1150,621044
-13.266439,-19.207027,-31.577177,1151,519295
-20.307127,12.423153,15.586007,1152,542289
-19.327257,21.85161,20.09482,1153,605130
28.64011,22.760794,14.960838,1154,606478
30.245066,14.322294,11.391975,1155,576397
-10.162735,18.827965,23.886038,1156,639373
25.711582,-5.907498,9.005864,1157,642701
-6.1859994,-20.292645,-17.432735,1158,571577
-23.737972,13.301806,-17.513008,1159,657770
-9.539011,6.8200417,40.850136,1160,434778
-9.724908,-24.499924,9.601145,1161,465753
18.35021,27.049484,-3.0952272,1162,608654
24.923922,-9.157556,-19.40184,1163,592769
-23.258928,-12.203977,-22.902666,1164,519393
-2.625781,11.135671,-24.45181,1165,467055
30.482454,-6.089117,16.131159,1166,572703
-5.078326,26.635527,21.0451,1167,595881
14.290807,13.096565,27.030174,1168,460060
-8.910674,23.82995,1.6983464,1169,592848
-33.5574,11.620242,-23.351538,1170,641482
-22.192822,-5.314907,-27.003641,1171,621002
-0.08496038,-17.044985,-16.112614,1172,670167
-10.658243,-12.517266,-22.002754,1173,641853
-6.4032235,14.267427,0.12489734,1174,572383
-9.555483,13.385949,-7.951777,1175,658305
2.5777366,2.62886,-15.211732,1176,605447
-11.615405,22.37931,-24.284998,1177,656713
1.6164112,-22.31316,17.112238,1178,450314
-0.3358228,33.441097,-3.542934,1179,643511
-15.312962,-5.5935965,-16.16557,1180,656322
-10.475698,9.198456,-34.393723,1181,575070
-22.651054,3.2449362,19.257277,1182,669160
-0.8024627,21.14846,-7.4582157,1183,572125
10.595229,5.573128,0.84608567,1184,657024
-30.53448,8.841655,-17.311434,1185,605521
-24.402315,10.514545,12.800009,1186,665093
-3.9195945,-16.62835,5.226143,1187,596035
-0.53834677,19.809063,7.0062394,1188,643290
-9.710153,-23.346928,1.0703629,1189,669270
-12.588064,-22.501978,-28.657259,1190,607391
40.67283,1.7237246,-4.9518223,1191,502578
-40.667046,5.123027,9.901996,1192,660813
9.402086,19.911963,23.349861,1193,626929
6.310727,-23.577524,11.174826,1194,642100
10.408186,19.41496,11.175821,1195,642840
-13.704625,-33.407528,-14.937188,1196,622786
-5.156987,-6.877636,-1.7477086,1197,642207
-14.042848,-13.511147,-2.4533315,1198,622253
15.098592,-8.003832,13.502421,1199,605469
16.864937,3.568358,-36.12659,1200,641541
-13.601026,0.20674565,2.8729901,1201,642770
-4.668237,13.535129,-2.6639752,1202,642233
17.000101,-7.62641,16.89883,1203,622065
-23.450066,-5.480082,-4.118547,1204,671790
-34.019016,-10.957354,-7.8123217,1205,673258
13.512856,-36.206387,4.5382304,1206,650556
-18.34131,-7.260937,2.6415548,1207,600887
5.466041,6.578595,-25.254883,1208,642578
-0.4606112,37.728,-17.21012,1209,642397
-14.032148,0.8302484,-23.655731,1210,650530
5.029642,22.42189,-22.08105,1211,542585
12.111681,-6.227611,-20.326399,1212,641302
-1.7618455,1.5265993,38.24433,1213,605479
6.3362412,12.094488,4.199436,1214,650671
-19.469175,-18.473774,-3.243306,1215,664126
-9.686486,-16.379545,29.848803,1216,663423
23.769287,2.6948283,25.825766,1217,661403
-17.568087,-6.9333644,-16.90142,1218,656685
-17.996237,-3.9979692,21.032978,1219,642546
-3.8514245,15.758228,34.670135,1220,657277
-11.417707,8.890592,-10.21864,1221,666200
-2.5403132,-40.936428,-13.323032,1222,607555
-1.576565,42.718544,12.763991,1223,595798
-19.713339,14.245048,-4.955908,1224,571917
34.09257,5.058195,-8.655853,1225,621086
-24.364904,5.7500873,-2.8106081,1226,664054
30.979452,-3.00827,-2.7038672,1227,670426
-15.449108,-15.631831,-11.921493,1228,571858
6.0231614,-14.677604,21.181747,1229,656464
22.037163,-16.076014,-30.551435,1230,622103
-5.569596,-26.920557,5.293444,1231,670280
11.731649,-5.32297,20.970638,1232,660761
25.273241,-27.313213,-6.6741276,1233,664918
34.843033,12.140095,9.085544,1234,456051
-25.323786,3.7377305,6.593049,1235,608344
-15.2481,-5.701867,25.016186,1236,621363
10.3552885,7.3392067,28.59762,1237,672773
-16.452595,-35.470978,-4.603613,1238,643615
16.434956,-0.18241237,20.438248,1239,650633
-8.980431,8.354612,38.587646,1240,643478
-15.701713,-12.0288,-16.938797,1241,658551
6.2108154,-23.710926,19.813747,1242,650893
-10.416509,1.1348349,-26.95004,1243,664854
20.845943,-11.11041,-15.919362,1244,622250
22.43346,10.623523,-25.228634,1245,669214
-33.479393,12.181246,-2.8780408,1246,664062
-7.9781804,-13.522691,-35.296364,1247,641312
-8.685585,-13.848542,4.3547387,1248,640462
-20.361258,-2.355052,-4.1648707,1249,592165
27.808018,-6.122545,22.76776,1250,675916
9.511994,-12.005584,-6.8032713,1251,668676
-11.266085,-0.35436758,-19.532436,1252,622092
-0.79677516,0.5017573,-5.922504,1253,543351
-26.895052,15.808711,21.749254,1254,664199
-23.102325,22.587322,-18.236143,1255,664353
17.897058,-11.923255,3.1114557,1256,663776
-4.0537004,-25.19577,3.6921856,1257,650644
2.0250468,-9.379386,-1.9160883,1258,642067
-26.051294,7.321086,0.8851227,1259,665001
0.12709089,12.101715,4.6180143,1260,664042
-32.02616,7.0401907,-17.790995,1261,657141
7.317661,-10.216993,-15.386867,1262,660896
23.780544,-4.4565034,-12.227968,1263,607560
-0.002490935,13.546713,-32.90227,1264,656970
7.384429,31.157875,3.3637178,1265,621097
-4.7663617,-13.264024,14.619983,1266,664139
-20.33162,-22.952883,-22.046976,1267,657031
8.364621,-7.181367,-22.336275,1268,623433
-18.159544,3.6405404,-5.489399,1269,579328
-18.084295,15.692934,11.264843,1270,642607
-15.51493,9.181401,16.946688,1271,667498
-0.4238813,-8.978883,-29.307558,1272,622251
-20.088621,29.390165,-5.9903903,1273,677976
-41.966404,2.8822095,3.7637205,1274,623474
-22.233429,-12.214135,7.602387,1275,518876
1.8064406,4.2145658,-28.5149,1276,544365
5.0058136,-17.69279,-7.524272,1277,605463
11.420779,5.8457665,32.180412,1278,543343
12.77628,18.251701,10.53028,1279,656605
-14.927379,17.487545,-19.096806,1280,598286
-8.55079,8.777463,25.471247,1281,592280
-29.26792,-6.493027,16.149036,1282,642121
-11.416912,25.223152,-10.744675,1283,650382
-23.002544,-2.8953521,-5.1457825,1284,615698
5.647997,-20.479797,-6.8612323,1285,656271
8.535147,27.957317,-13.997966,1286,664129
10.627845,-21.182602,29.129816,1287,676606
28.93114,-0.8475918,-22.846441,1288,663567
-6.439708,-4.990427,30.376606,1289,656302
5.3591657,-30.082111,3.0817273,1290,641743
-32.198902,0.39928558,-10.295221,1291,663978
-32.28002,0.94345915,5.319437,1292,670329
-20.495953,-14.138391,-8.819122,1293,668683
-26.259247,23.093433,19.35071,1294,662253
7.5934896,-27.400818,-22.636236,1295,668678
-37.332638,-2.1252258,8.72299,1296,640451
-28.46765,-21.217592,-5.5686536,1297,605482
2.4424708,20.650732,25.910482,1298,665120
-2.9101489,-12.176362,31.54553,1299,640470
-33.663353,9.538707,17.955091,1300,435622
14.008347,-35.90094,7.0091143,1301,460086
5.357173,18.55911,-33.989067,1302,657566
-1.7873838,-6.2026396,3.255167,1303,431145
-20.273975,4.5048833,11.048206,1304,664034
14.6473255,-2.1664023,12.423956,1305,670712
-18.659441,-26.369532,10.688906,1306,600858
-37.37524,-10.526736,7.4431067,1307,606303
2.9750721,-1.7741299,19.757301,1308,446481
21.371164,28.36639,-20.777426,1309,657766
-9.256695,-14.067847,-13.43311,1310,591741
1.733001,-5.636182,-24.055365,1311,570488
-15.690661,-5.15691,-7.985487,1312,620446
6.8487406,-3.2994955,-34.23919,1313,663992
-6.139054,20.78855,17.817423,1314,502304
-8.687557,-40.891865,-13.923346,1315,656288
-2.794315,3.2392888,42.640385,1316,660494
-29.813683,-15.245173,17.762726,1317,664157
-18.635984,-5.427681,14.767269,1318,606299
-10.534354,3.3517118,-23.279314,1319,664045
-22.199345,14.3219385,-25.50008,1320,645801
36.611183,6.5128417,12.0554695,1321,622797
15.7710905,2.2664557,29.240433,1322,663531
34.9307,9.9563875,-4.666539,1323,650738
-1.2568159,-13.858897,10.112431,1324,621078
11.021783,1.4623656,38.452835,1325,435079
17.274168,-21.43346,5.0482025,1326,592859
-5.252557,-9.017558,24.852762,1327,571657
-0.49929085,-11.0933695,-26.022463,1328,621592
-6.263049,19.576542,3.952279,1329,670970
-27.689892,0.5120852,13.334933,1330,543089
0.5204008,27.311878,-15.502253,1331,660546
16.464325,21.705738,17.327576,1332,572821
-16.850811,-9.860029,2.1520636,1333,467827
-8.079887,-6.6740017,-26.110413,1334,664092
11.34215,12.332776,25.317394,1335,613317
24.253979,6.2171144,25.757906,1336,607223
0.52197003,38.30059,4.005965,1337,489295
-2.2005372,3.4775147,-37.728497,1338,519222
20.67125,-2.8336792,12.157108,1339,607732
-15.329506,0.94942546,-16.261122,1340,650813
1.6025267,-23.264692,-8.05432,1341,668665
-12.739489,-5.4967914,-30.729128,1342,605361
13.46353,16.796343,17.293835,1343,670456
18.40477,-15.493684,11.710277,1344,501303
2.549709,1.0688585,31.55096,1345,543148
2.0239074,-12.228505,28.17841,1346,660623
-30.508095,7.446244,-23.845942,1347,657097
11.48884,1.530454,-16.764387,1348,642226
17.42345,-28.329958,9.36535,1349,543376
-0.44881782,6.090622,4.2014027,1350,656686
15.8836,4.354209,-6.990756,1351,608596
-21.901745,25.4277,3.0824633,1352,630263
-19.800175,-3.3752072,-36.587776,1353,664871
8.112576,37.506462,-5.417297,1354,571912
-29.58572,5.55117,12.154567,1355,456387
8.033756,16.700874,-33.360306,1356,572008
19.136719,-28.561438,0.33645955,1357,657585
18.895939,10.240709,20.31153,1358,658791
-0.21286601,2.4557168,22.348215,1359,571974
-8.74065,-12.015315,-7.372053,1360,602922
44.26947,-2.807403,-0.50299376,1361,664238
-4.257442,-0.26262686,25.198807,1362,621368
-4.6475606,-0.39556995,5.1916866,1363,543677
0.49359477,6.2879543,-14.399709,1364,448801
18.140093,-9.803483,-26.732695,1365,658648
5.4651575,-2.9743128,17.818495,1366,571437
-13.340669,9.197462,-29.335934,1367,593643
1.3786286,-17.165993,-8.994513,1368,456488
18.649498,-6.245203,2.999624,1369,595939
-45.35616,-7.2927117,7.8976455,1370,667427
-13.672411,-23.595245,-13.777157,1371,669912
-29.803017,1.4987385,-4.6310425,1372,622780
13.369984,1.2998221,-35.992725,1373,592306
-4.6651025,-22.609901,-11.523585,1374,641409
9.100625,-2.4157736,12.682901,1375,667376
25.251986,14.405591,24.841957,1376,665134
22.052025,-20.860235,22.465425,1377,622747
-18.647427,-15.127037,-0.7554016,1378,656266
-7.6973886,-20.57709,-3.387738,1379,641988
-21.60699,13.070055,18.165255,1380,623490
28.671663,1.0640135,4.479242,1381,664687
22.775097,24.686563,-6.314969,1382,664123
31.908247,23.418217,-8.906886,1383,624420
-7.7679358,-25.938414,8.024001,1384,665142
15.156143,-17.87088,28.324446,1385,571474
-23.923798,27.854269,-1.8112037,1386,595988
-34.879883,-5.826307,1.9029956,1387,621346
1.6140982,7.5855083,33.562057,1388,543328
-27.300802,-4.831265,3.8461344,1389,670078
-16.853006,-14.270431,27.19973,1390,656904
27.841923,10.711912,-3.5301163,1391,656196
-8.657428,33.376717,5.551493,1392,643605
27.805145,1.18421,11.832042,1393,681915
-14.750263,18.159668,23.797361,1394,676684
10.334414,-6.71501,-17.558569,1395,572371
12.944656,9.088735,31.970488,1396,572089
-1.78665,29.007725,-15.778593,1397,676051
17.129082,-5.624667,28.164467,1398,674685
-1.0884658,17.440815,14.490067,1399,641582
-5.249872,1.7738578,-30.586948,1400,641728
6.1766,23.084955,15.682753,1401,664012
-6.963271,22.184622,15.339806,1402,592105
9.497774,-17.689777,-32.19885,1403,641506
22.674755,-1.1662941,-3.5011692,1404,656889
6.914404,-16.898308,20.364054,1405,657518
31.306732,-1.983489,4.067254,1406,621143
21.002867,6.3348866,9.9592285,1407,676709
19.701723,-12.191745,25.43658,1408,665045
-8.91195,-8.911686,28.168203,1409,657680
8.192839,-8.412585,-7.665073,1410,663399
-3.2803915,11.287483,-5.021782,1411,666215
4.9461946,-26.72946,-23.22911,1412,519246
2.821958,-35.54239,6.6235423,1413,641425
-4.8958945,-13.847781,-37.537155,1414,670579
5.9340196,-5.272194,28.778475,1415,640017
24.440506,19.53289,5.407151,1416,571687
6.8883076,-14.901075,8.808896,1417,593163
-4.386927,-0.07742631,19.248901,1418,543409
-18.520416,14.575492,-0.20151299,1419,671066
16.11346,-13.333846,1.482478,1420,642068
14.091641,-18.157951,-11.131889,1421,669130
-13.988637,17.61006,-30.00987,1422,641334
-15.754591,6.034063,-26.38147,1423,676601
-5.3866487,20.308287,-24.466394,1424,650656
-3.422016,24.111006,11.399262,1425,650804
0.81350434,36.589527,5.865096,1426,657213
-2.1758304,20.248417,22.20693,1427,661832
1.714092,21.550814,5.5889816,1428,543594
-10.687728,-18.491426,4.519862,1429,605507
11.97128,12.598703,-18.465385,1430,621455
22.475853,-0.13560154,-6.1436834,1431,621050
-11.458757,-3.7394261,0.022105979,1432,571751
18.496864,31.403906,16.589247,1433,607294
11.450654,21.137552,-25.734165,1434,666563
6.1126237,15.03791,-10.203041,1435,593574
11.344246,-14.634848,3.997409,1436,656032
-19.990936,-15.514279,28.395779,1437,656420
-25.287022,-15.778482,-11.986192,1438,669746
10.415198,32.689407,9.076435,1439,571439
12.129085,5.804665,18.018532,1440,672911
-1.5248551,-12.649241,23.13915,1441,592464
-15.315291,-23.53918,22.078344,1442,676831
34.37795,4.806238,-23.047281,1443,593604
4.668205,9.391415,-33.573273,1444,627893
-0.791911,6.9821897,24.573507,1445,663319
-13.005968,-23.653536,-7.6858034,1446,677720
9.407267,32.3117,-2.0276387,1447,607692
5.4211907,-11.118784,29.107836,1448,606208
-16.754387,2.9211924,16.397224,1449,488787
-17.550434,4.47442,2.721892,1450,605464
18.371725,-21.737888,26.407393,1451,642609
36.812027,9.528981,-7.8519554,1452,621290
-10.197417,-32.383274,10.328688,1453,680573
-12.85963,11.437639,-23.047264,1454,641660
9.650941,-20.526846,4.815979,1455,667595
-19.76209,-18.962475,16.509058,1456,620440
27.855345,-14.113778,11.876072,1457,664055
-1.1167606,-1.8267072,0.8487289,1458,608381
-9.653579,6.6689296,15.905005,1459,677415
20.425121,-4.672318,27.025017,1460,573204
3.3155818,23.047247,20.438164,1461,670722
7.3885717,-19.193808,1.2564228,1462,647188
15.824261,-4.7373905,-1.7073029,1463,595260
20.110186,-16.05293,15.554079,1464,641386
11.934769,22.88195,-3.9691308,1465,657664
-20.815598,-0.3689049,2.1623974,1466,664144
18.154163,1.5170677,-7.9445667,1467,677185
-27.837666,5.1722007,34.688694,1468,641350
-23.219162,-8.384827,14.179139,1469,667681
-10.884949,21.73635,-27.9188,1470,650959
19.347914,3.6925967,28.565538,1471,668754
-5.8022456,-45.017277,-2.0931342,1472,621139
10.399917,9.531691,4.584918,1473,641814
3.3634596,-21.17441,-10.390833,1474,595926
-1.3241849,18.043783,20.677666,1475,606127
-5.57769,2.0067952,18.065462,1476,572687
4.617749,-40.10049,7.108401,1477,669935
10.124223,15.603621,-24.314865,1478,646081
23.040869,-3.4423132,26.158264,1479,571825
30.725574,-16.936943,2.148589,1480,605138
-18.397093,17.804766,-0.22353229,1481,622246
-28.34313,2.9940698,25.960886,1482,661536
-4.9697795,-32.499134,11.964281,1483,677867
16.465683,-12.032641,9.047064,1484,656450
18.520021,3.0864604,25.965677,1485,676755
17.68075,27.938396,11.743986,1486,642041
21.234674,-4.678259,18.187061,1487,676886
2.7015026,-8.345896,5.601975,1488,592411
11.489854,24.528376,23.114708,1489,518603
20.246489,-14.457177,-24.421206,1490,615695
-5.3035336,-41.3327,-14.70453,1491,656991
10.548787,7.3523836,-1.5659738,1492,641388
-8.986722,-27.287868,-14.409406,1493,657514
-21.852127,21.347433,-7.387835,1494,665059
-21.56493,14.333932,-11.818711,1495,676641
-28.244211,-8.459004,18.838537,1496,547176
-8.514677,-13.810046,2.2263231,1497,664852
9.383431,-2.0367732,0.7795363,1498,595919
-2.781491,-10.608278,25.264019,1499,607222
-11.648731,20.456198,20.958838,1500,664155
-34.870926,-3.1597574,-18.29235,1501,664197
-34.539288,11.950584,-5.165453,1502,605495
-12.124414,-9.299499,-23.01635,1503,656608
-15.351214,-22.125042,-9.427777,1504,670422
18.567211,13.3660965,20.397238,1505,621068
15.802258,16.930077,-18.619482,1506,600011
-0.79235464,-20.506596,-14.470119,1507,669248
-26.332367,16.44861,-7.3776307,1508,665321
5.180098,2.2762723,-3.9972472,1509,516769
11.014001,2.3956978,23.055902,1510,642549
7.599295,1.1212777,16.11053,1511,545404
4.73322,14.566754,29.53493,1512,595255
28.429985,-6.954085,-30.988314,1513,657644
32.79996,-10.738285,-0.19947466,1514,621123
13.153575,17.464392,-9.010135,1515,683065
12.530078,-13.408275,1.9897038,1516,606190
-19.16652,0.7168843,-27.301825,1517,676860
-16.658577,-29.48394,3.237755,1518,642637
-17.712313,-12.537343,17.651838,1519,641732
-7.6031303,-21.539034,2.9460363,1520,545343
5.444991,-12.514872,14.756315,1521,676840
-9.384304,-31.488426,-16.157448,1522,621048
15.572892,-16.135891,0.04403998,1523,471174
-0.72046214,23.10384,1.5600604,1524,621248
21.110247,10.852824,-12.798253,1525,592288
14.051534,23.130653,-21.154905,1526,516685
31.849047,-11.794283,11.413279,1527,664875
-24.640104,-8.145267,22.72149,1528,668605
-14.300454,-9.793848,-1.0381203,1529,669728
-7.3729153,-26.262548,-18.068981,1530,663770
-22.21611,23.658323,4.459784,1531,621082
43.002377,5.9046316,-5.0315866,1532,676607
21.070066,13.940986,-12.376882,1533,677161
-12.683553,-18.18868,-18.718987,1534,644396
-12.431837,10.297712,23.202003,1535,621355
8.071604,14.574007,-31.339363,1536,664102
18.835066,18.925568,7.954669,1537,673316
-23.919186,-6.5702634,-1.8240844,1538,620986
-1.7428895,-5.4385734,-4.614973,1539,592874
8.700976,19.05875,-4.0694366,1540,606939
21.52894,6.3513894,-25.505318,1541,673140
15.523267,2.572417,-39.7349,1542,641483
-16.477552,-16.146185,-27.351402,1543,656885
-11.12179,-12.021999,20.804033,1544,663765
-12.293218,5.863208,-1.4201329,1545,621343
39.37173,14.414104,8.60538,1546,622490
-6.710254,29.791323,-4.2308097,1547,664158
12.1102705,24.391068,29.183092,1548,592296
0.17256887,-10.214655,-19.429651,1549,676358
-18.718428,18.883654,-7.05274,1550,656008
23.005121,2.3689299,14.593927,1551,669920
-16.548176,-29.730513,-0.645349,1552,621153
-8.296691,-36.8873,-6.98105,1553,625974
23.866608,11.854396,14.2429495,1554,642203
10.683808,30.335945,11.151941,1555,663969
-25.979961,2.8270872,-17.308094,1556,642857
1.8884448,-16.710476,-3.3240056,1557,657558
-3.7483943,-0.07616299,1.893722,1558,623183
24.717157,-0.5136357,20.32311,1559,621191
-6.499623,30.129148,-10.058645,1560,664977
20.43903,-3.8521662,16.22056,1561,664141
-7.2898974,2.3269439,15.108984,1562,657611
6.6398616,0.5799503,5.112931,1563,666622
7.763156,-12.885913,-29.841637,1564,663903
18.464754,-19.461138,1.0730922,1565,669373
-3.3967042,10.151963,-19.541828,1566,624647
6.03508,1.1700014,-1.1725538,1567,622088
25.998207,17.978418,-4.536885,1568,641447
-3.570659,33.38152,-9.595581,1569,656793
25.21314,16.789328,28.056103,1570,657376
-22.96431,11.034541,16.223804,1571,670990
-36.592213,0.81934035,-1.4575933,1572,680702
-12.091436,32.359318,-8.620849,1573,623437
-2.5348694,15.007402,-29.903355,1574,668941
22.056852,-25.98772,-2.959604,1575,676596
-8.253448,28.613905,-13.775832,1576,677651
26.838377,21.263983,-0.783745,1577,670550
12.502235,-29.494621,6.8183765,1578,641907
1.3664916,-30.615433,18.805868,1579,685493
-4.3857155,-16.631334,-13.145036,1580,669211
-8.221748,22.4634,33.21001,1581,642092
5.1342087,12.6479,15.653799,1582,620445
-13.9415,2.7601693,7.918138,1583,656382
-22.536703,-6.3612275,24.075111,1584,623485
20.44556,-22.079351,-12.294166,1585,663474
13.443627,1.1136572,8.72247,1586,676979
3.233697,0.070766635,-18.391186,1587,641540
-9.663466,13.604333,-14.226146,1588,676604
25.648705,-0.81609637,-29.269215,1589,672578
-14.91824,-26.143482,22.842339,1590,664337
-0.65264326,-1.0292828,36.508373,1591,665620
25.293812,-17.759087,10.4979105,1592,669432
1.5211594,38.5412,9.963547,1593,607179
11.208125,-17.589031,13.35921,1594,621076
-11.401875,29.651196,-16.881237,1595,641401
-2.0447717,12.279928,-29.69238,1596,668687
7.9412,12.643909,22.972942,1597,656232
7.700447,17.432749,-23.777927,1598,554431
-6.5222945,-37.719822,-15.552039,1599,656557
7.160471,6.8008976,37.696964,1600,656353
1.6604469,-16.971252,14.553835,1601,570560
5.1853504,8.514905,-36.22817,1602,656876
-28.017374,3.5047278,-14.628996,1603,666674
16.495733,24.056822,-25.531359,1604,664948
-39.941044,4.4511447,-3.8833694,1605,672715
9.627992,-4.1313844,-8.963366,1606,670056
30.792183,8.552478,-18.919455,1607,657044
8.165803,-10.007561,17.6826,1608,548384
-10.015008,-7.098053,-34.35703,1609,660600
2.7112677,27.878115,-0.21577585,1610,642130
-23.809797,-11.41473,3.7346842,1611,667463
26.4641,-8.6960945,22.88909,1612,621129
-20.96666,16.75639,-26.411974,1613,641672
-19.698202,-19.083271,18.830906,1614,663878
19.087944,-9.345216,1.0322963,1615,665733
-8.856381,10.220671,30.249266,1616,666120
-1.7883656,37.50004,-3.5343325,1617,624407
-8.022687,-12.308767,26.326668,1618,593619
-7.5650787,8.561426,3.476466,1619,663460
-7.3196144,10.609247,-38.10338,1620,453268
1.3043169,-1.5109215,30.95733,1621,547942
-19.078037,28.665653,11.880953,1622,664299
-25.5749,6.4384346,9.440178,1623,640448
16.455963,-7.0669694,7.2759132,1624,656849
7.2007914,28.271759,-5.5781612,1625,503569
16.247637,21.227718,-8.183368,1626,669145
-25.2833,23.247744,-15.090015,1627,665152
14.364273,-15.901141,-21.008362,1628,656240
3.0730379,12.781537,-8.232864,1629,676220
23.7937,-24.487892,6.490865,1630,665621
-32.570175,16.057335,-8.845023,1631,663554
8.59825,21.525713,28.448122,1632,624418
24.019524,-14.537318,12.259677,1633,571788
8.378193,-13.385851,18.005932,1634,663734
4.9310455,34.109444,-8.409395,1635,664350
-2.357428,-46.247013,-0.3538492,1636,664714
-6.4761176,-29.89828,6.391725,1637,518649
-16.708694,-16.922926,29.15882,1638,665759
-23.185087,13.762813,-1.1038122,1639,664069
9.181205,-29.754818,9.794709,1640,666129
42.292553,-0.032352347,-3.6830082,1641,658431
0.37391284,-34.75244,-5.301305,1642,680692
-2.4687362,-20.90542,-18.537226,1643,669952
-30.725859,16.35428,19.022858,1644,640444
-17.369423,13.289045,20.025686,1645,453943
0.5356219,-21.079098,-24.015291,1646,642584
3.3957195,6.7674155,-33.359573,1647,629498
-7.1074896,-37.091557,17.178665,1648,657240
-6.3665195,-4.363499,-1.6680616,1649,664076
-22.943096,25.150013,7.0652437,1650,670912
23.92677,-10.638923,-8.976264,1651,660431
-33.991894,6.0768003,25.059504,1652,622503
5.0832725,8.664121,-3.066244,1653,641739
33.711258,0.6691828,-1.3039128,1654,669289
-17.408459,-3.3824384,14.825211,1655,664074
2.3393245,-37.815094,11.927257,1656,606115
-16.904573,31.94246,15.178445,1657,641576
-25.547894,10.039066,30.01038,1658,528748
32.726337,-11.662894,-2.5019543,1659,675921
20.596388,-11.876461,20.74452,1660,641726
8.033445,-18.722878,-16.350239,1661,669459
0.69821215,13.938348,-7.4564486,1662,663366
-8.929437,-8.1033745,24.811699,1663,641513
-12.325015,-29.628891,-4.5792413,1664,608335
-17.246532,4.32928,-11.112479,1665,667465
-17.063684,10.409126,-8.92878,1666,681911
18.143293,-6.1660013,-14.24318,1667,661440
-15.246083,-11.192833,24.832987,1668,668338
6.768403,6.3107977,20.893202,1669,605335
13.805099,12.059966,-38.28317,1670,622256
-16.383167,-11.431871,-2.260439,1671,656061
13.60004,0.3065952,-5.2607536,1672,641420
3.6536036,35.41796,-0.5699401,1673,606996
-11.9311075,26.017748,-0.70178074,1674,641360
-0.45742223,41.736996,-3.5364256,1675,621005
-12.100616,5.8854575,20.426836,1676,683232
-4.750974,15.789175,-5.1896267,1677,621011
4.2995586,-35.660046,-10.218578,1678,645307
-35.12069,-8.337305,-5.5245204,1679,621532
-3.1604831,-35.554447,-13.627485,1680,643532
-26.842764,13.861955,4.7927175,1681,650668
9.125827,14.42538,-4.48695,1682,656913
21.351591,-11.460706,2.6534548,1683,523253
-8.6834345,-33.145454,-5.802093,1684,641995
-27.01828,-13.941256,-6.4288116,1685,623168
-27.928564,-7.530875,-6.060123,1686,669064
-9.048621,-19.017359,24.220552,1687,435522
-0.85417706,-27.354004,1.2507421,1688,641645
14.542576,-22.15795,6.3593955,1689,656004
36.828003,12.462811,6.499732,1690,608348
-29.213907,2.8946002,-7.74009,1691,660422
12.798712,-31.300121,-1.0566702,1692,669424
22.826368,-1.5524675,15.693623,1693,666204
-30.732187,-9.97825,18.908236,1694,621593
28.209227,-4.6709843,-30.23828,1695,656492
8.560741,15.271918,-17.836906,1696,656548
-37.541523,4.622354,2.497858,1697,675911
-6.6244373,-32.347538,-5.36046,1698,656458
-25.045301,6.300121,35.972202,1699,669622
14.427081,22.315771,-11.960946,1700,647315
-22.4531,-29.695932,-0.013534925,1701,663559
-7.454677,20.64435,-18.010294,1702,642758
-12.008558,4.7063017,28.851143,1703,669395
-28.529633,-1.3178275,0.19112496,1704,663804
-16.335472,-19.712957,6.846388,1705,656212
-24.559092,10.2623625,-2.4316278,1706,656578
18.685778,4.519392,20.254177,1707,677865
-3.1452353,30.061148,0.60661066,1708,676879
-3.7892904,-11.668859,-24.639593,1709,665645
8.704753,-35.510506,-0.061461616,1710,663753
8.024614,8.458054,-33.003918,1711,665661
22.614534,8.395425,17.039879,1712,665665
-7.879284,-18.561722,-0.32670122,1713,661383
14.240264,-5.0788827,28.30262,1714,672282
-6.7519727,-8.470209,8.461126,1715,543238
22.926197,-6.198159,-21.361834,1716,641632
4.0642204,15.337851,10.102008,1717,664584
-24.08958,20.190466,14.975538,1718,676477
6.7267356,19.27365,-22.867937,1719,672851
-18.992039,-15.4282875,16.162294,1720,617228
-28.638416,8.477001,-25.194166,1721,666818
-8.353658,-35.56897,-13.840033,1722,642759
21.59813,10.398606,-1.2824092,1723,656638
-0.0048615634,-14.161946,2.8675601,1724,666159
16.640352,13.332571,-21.101566,1725,643377
-12.381091,-9.053069,-10.139699,1726,675971
-33.9163,6.71499,-6.878408,1727,650911
-23.588945,12.037989,-15.834612,1728,668968
11.3941,-6.464902,-10.665643,1729,669276
-31.45266,11.741348,-17.00923,1730,669358
24.990694,11.115995,3.0928845,1731,663574
-1.297573,11.166935,-6.296648,1732,668820
-20.542887,-2.6137207,29.58672,1733,621074
0.5285266,11.828077,-18.307564,1734,656730
11.067024,11.665501,-26.260344,1735,666808
-22.043535,5.4482303,-5.7922373,1736,681810
-2.3854222,34.788025,1.2975813,1737,681806
-20.268553,8.015929,-25.227316,1738,646242
21.85314,10.5673275,-17.298504,1739,656529
21.373083,19.273579,26.349285,1740,663986
-22.361916,0.22502065,18.92971,1741,657093
-2.2680542,-17.514124,18.193329,1742,666201
14.8688135,-4.8489385,-12.08635,1743,592831
31.004213,0.5057157,-23.549084,1744,666168
-7.4563,-17.765936,-31.047379,1745,680686
-22.939558,-12.37224,-5.867662,1746,663556
10.327473,-11.138639,11.468837,1747,656731
19.638916,10.492599,-26.706547,1748,663558
-7.97574,-5.0639887,-8.696123,1749,669169
-15.314401,-12.111102,-14.265604,1750,571479
19.734257,-9.324747,5.8615255,1751,667297
19.613918,-4.603791,-6.2171035,1752,676265
22.185205,6.023729,36.27056,1753,664294
5.8096557,-33.147007,-9.958914,1754,669212
19.557798,1.3156085,25.271856,1755,649144
-12.524523,9.168702,-32.148872,1756,657006
-11.874502,-14.039818,16.924978,1757,657746
-21.76116,14.361536,21.432703,1758,672582
-1.5071777,-11.190097,-3.856003,1759,506702
26.2864,21.808167,15.799802,1760,650347
-9.539417,6.5405793,6.5450974,1761,674944
-17.056904,-37.831448,-3.8129022,1762,665795
20.982893,15.902876,-10.712939,1763,669618
15.040047,4.621666,29.675617,1764,657248
11.421446,1.4684025,-7.07955,1765,675912
15.403126,-0.25526044,9.224053,1766,656981
24.264105,-6.3183126,2.0395856,1767,621057
-7.7652583,20.008171,6.5842338,1768,663738
-35.490894,-11.644436,-5.77993,1769,671345
-11.826957,-2.470061,30.867538,1770,669302
-28.444483,-4.772783,11.502609,1771,677960
-1.5070535,-34.717937,1.8110248,1772,676083
-0.717561,-44.988907,-1.9844792,1773,672710
-17.501938,13.161769,26.928616,1774,676617
19.335201,13.777159,-27.883707,1775,641394
15.90742,0.45235062,34.24629,1776,676050
-4.702994,4.809972,18.184359,1777,676969
21.75369,-26.985355,-9.790485,1778,656818
27.107212,-12.677817,5.229776,1779,624522
-28.353941,-8.010109,-20.770052,1780,661269
-26.395973,12.490624,-1.1854093,1781,642727
-21.52481,6.2243214,6.0721173,1782,669330
29.102158,9.412609,13.380388,1783,641927
15.4989195,27.47751,13.28171,1784,661527
-16.35915,-10.423952,18.33445,1785,660906
6.320595,3.9788072,-26.726505,1786,650496
6.998918,-10.540038,12.329729,1787,657508
-7.3662424,20.10984,34.444233,1788,664776
-22.180084,-36.28166,-7.500103,1789,665896
-7.3386636,1.5886581,-6.4162707,1790,642048
0.5174567,16.604162,-16.85511,1791,667725
-39.914574,8.813357,3.4401364,1792,670087
2.3941934,1.1906292,23.295862,1793,643400
-8.77077,-41.95347,-2.1047444,1794,669294
17.004007,9.742944,0.113307774,1795,661563
-12.68539,21.211493,13.000512,1796,663853
-1.184766,4.424096,-27.844906,1797,655889
13.464974,6.494227,20.21507,1798,656290
19.036407,-2.328097,-6.197597,1799,669674
-5.498009,33.56298,-15.4920025,1800,596082
9.827826,-0.76102215,-13.820571,1801,685503
-13.875772,-0.82642394,22.992146,1802,621348
12.788838,-37.10159,2.2620375,1803,672391
36.297855,13.069273,-6.082858,1804,660365
-2.8864195,15.061286,9.285292,1805,665854
-36.48651,-7.272063,-15.406862,1806,620396
35.244053,-3.2411637,-18.17327,1807,656457
11.496256,19.118755,-33.518513,1808,663372
18.033932,15.709895,-8.060093,1809,518435
-9.40886,-3.2021039,6.404144,1810,657756
-21.12342,6.0221343,-1.4638919,1811,665625
-4.27389,22.180017,-22.633366,1812,641329
-36.545097,-3.7672987,3.3130352,1813,676710
11.814673,5.1989694,30.215612,1814,505447
-26.188894,6.8692074,23.482111,1815,676766
8.339815,-0.36713287,3.3844965,1816,642659
22.683855,18.545666,5.928329,1817,457759
19.588676,19.523975,-24.314802,1818,596103
-8.290031,2.1113586,-13.213694,1819,594694
6.8279314,31.583473,-20.552631,1820,670090
-0.44634417,23.519402,15.010385,1821,681867
6.3861,-5.990877,-4.703025,1822,656641
17.439375,-14.452235,-25.250807,1823,656620
5.026983,25.579336,-9.592302,1824,621259
-33.291084,7.293452,-13.11775,1825,670050
34.056633,-17.491322,-4.7676363,1826,607680
20.83289,16.117922,4.0625753,1827,592273
-20.83278,-0.6491323,23.50488,1828,670955
-33.802635,-9.723633,7.8674664,1829,628345
-4.0627894,-33.491726,-1.326818,1830,656669
-0.6924192,-22.436321,15.212911,1831,642851
5.3551755,2.3719072,-17.299364,1832,666205
26.719616,12.00448,-5.9072537,1833,680704
-39.1695,8.973174,6.9774537,1834,642336
-6.1131916,24.763603,-21.542336,1835,676103
-20.530529,7.824973,23.951973,1836,669735
-9.112412,1.4810826,19.155586,1837,660620
-34.297947,-1.3718367,-2.1003127,1838,596056
8.213831,-20.979214,-13.605494,1839,641384
5.870596,40.764214,12.952489,1840,641682
-43.935127,-5.1326337,11.919702,1841,594809
22.620508,-10.86492,-11.744782,1842,670766
27.575327,18.577131,13.645448,1843,591720
12.939952,25.017672,1.2979602,1844,643565
14.440869,0.71995944,-13.983586,1845,502210
-22.37369,18.890705,-6.88825,1846,519299
-8.898581,23.297913,-17.125025,1847,595284
-19.36652,27.218287,-6.3254833,1848,680430
-0.38848007,25.908104,-13.156453,1849,621433
0.29845333,12.49452,-13.490457,1850,676424
13.395073,4.5443854,39.961945,1851,670057
-15.104636,11.62154,-10.028083,1852,546991
5.4254103,-16.835188,34.510075,1853,663378
31.744446,-10.094339,9.475124,1854,596825
7.508372,-36.64874,13.718185,1855,665155
21.87572,-13.213158,17.818884,1856,605612
-8.437542,-4.55746,-5.8045497,1857,547001
-23.939335,-22.036165,-18.090523,1858,657697
-4.712238,-21.384605,2.4182088,1859,595263
21.849997,14.0927925,-15.71871,1860,669135
20.482658,30.10294,-19.26998,1861,624414
-13.211753,19.785519,26.899424,1862,503556
19.6605,2.5721416,20.531265,1863,667373
19.717688,15.266483,-5.544657,1864,542992
2.1399834,-6.998759,16.195799,1865,668670
23.03261,-13.429811,1.394875,1866,573062
-35.38083,-6.605373,-11.457488,1867,663959
5.0629425,-19.598911,13.911089,1868,572761
25.594093,-16.924675,13.160365,1869,444482
31.244043,-25.785877,2.187434,1870,660825
-23.238096,14.217162,3.7057872,1871,573131
-29.8862,9.359185,12.324637,1872,642162
-27.165812,9.792078,27.221165,1873,621500
-1.1482154,-25.42672,-15.982702,1874,452678
-1.4026635,-18.805721,1.492037,1875,666619
9.563893,13.183923,-29.231047,1876,658069
23.758577,-1.6158812,-11.90381,1877,641703
-2.0547962,37.522408,-13.669187,1878,664901
-5.9720182,-12.068141,-18.010437,1879,606213
-13.209382,-5.0693054,16.834494,1880,630105
5.8784323,13.236023,31.512197,1881,595943
-30.367512,-17.086,7.752611,1882,664789
24.931713,-14.363192,-11.046074,1883,657272
27.408453,21.030125,18.3771,1884,518585
-7.1100063,-36.884583,8.66421,1885,666721
-26.914457,-17.978476,2.6187027,1886,668834
18.170898,-14.493133,9.339635,1887,682051
-23.884289,-23.162556,8.766803,1888,666214
8.196864,13.506372,-34.457146,1889,621051
34.04198,9.199879,10.83903,1890,682171
-13.125679,-10.818035,-34.61494,1891,664202
32.565296,-4.3542013,16.050552,1892,668868
11.110961,32.99669,12.231175,1893,681464
16.359781,-13.602128,6.1028466,1894,676760
-9.836411,14.856895,12.657529,1895,670810
10.716643,18.639582,-28.275116,1896,680694
9.097299,13.479291,3.6309528,1897,623211
7.8067746,28.926846,9.278845,1898,666142
23.14957,22.664562,15.189278,1899,676714
-6.3748393,0.03396536,6.9692783,1900,666157
-6.9508543,27.242338,19.327738,1901,668948
-39.6321,4.0032835,6.586642,1902,686613
4.018341,-0.13730875,-10.96095,1903,678692
-45.57921,-8.388222,4.9436555,1904,668970
10.1759,-29.49613,15.648502,1905,663385
11.571709,-1.7978045,13.676274,1906,675627
-10.941231,-5.676386,4.285486,1907,663158
5.205631,21.602943,24.858652,1908,628708
20.33512,25.45376,-15.15561,1909,686753
-31.877806,8.965553,30.037027,1910,682847
5.635381,43.33152,13.375809,1911,670174
28.65027,5.6888227,32.871235,1912,678394
1.3679435,12.124095,19.977858,1913,657265
13.006357,-12.98184,38.599556,1914,670288
31.52143,-6.733824,-11.412118,1915,677053
30.37227,12.571756,8.987723,1916,676664
-23.355907,11.451687,-10.1312275,1917,670124
-32.77586,3.6588187,29.642847,1918,545121
-24.603573,10.249202,-8.777573,1919,676720
10.691375,-35.977837,13.069564,1920,668933
21.6823,-20.19934,-0.32308307,1921,663752
-2.2362783,-1.3952637,-26.990196,1922,665019
26.814703,3.8244379,-7.161128,1923,656234
-15.648169,1.7433513,13.5984745,1924,663436
5.148899,33.445736,-18.131044,1925,669467
-15.7347555,-13.955985,4.8814626,1926,669084
-7.70051,-5.239274,-36.359173,1927,642585
-23.19591,9.953487,18.832525,1928,666374
8.180373,-16.37589,-30.288857,1929,686610
7.1164193,21.934483,5.3587365,1930,650204
1.430936,21.728031,34.899586,1931,621079
0.82126737,32.32019,-10.105758,1932,665871
23.679962,-1.5885239,12.935716,1933,669804
-12.981793,8.06627,-37.40764,1934,663773
-29.564463,-17.78381,-2.4625585,1935,686973
-5.3045664,-10.897039,-39.50296,1936,661309
-27.214342,-16.922441,11.400727,1937,669713
5.215182,6.6731415,-20.001736,1938,676534
3.3743339,11.884649,22.832659,1939,664747
-19.529055,9.578436,-4.6223917,1940,663546
-18.809788,32.68373,-6.333999,1941,680739
-13.703062,7.2190695,-0.17407648,1942,669923
8.361769,6.9199,17.336958,1943,668881
19.949665,9.109028,-4.237089,1944,661395
22.35161,17.843596,10.97638,1945,693821
-4.9822326,4.6225514,-10.899185,1946,621016
1.8802465,-13.663305,26.36367,1947,657649
12.453084,19.223764,-10.269702,1948,642657
-4.1227326,-4.930525,33.586548,1949,676092
-33.925396,-11.554024,0.34290862,1950,664670
-6.87752,10.31238,1.1586139,1951,674072
26.845604,8.794601,-7.0581264,1952,572816
-1.7648699,2.7796497,-11.029848,1953,621383
-20.982708,8.579982,-22.922384,1954,686972
-35.776382,-8.982604,6.332969,1955,669711
-9.026435,-18.874506,-8.421843,1956,686752
36.83841,-0.43804893,-18.452995,1957,596117
18.336086,2.1061075,-29.934277,1958,663630
4.2160535,16.694208,-32.71188,1959,650339
6.015327,-6.6744623,-17.806253,1960,669093
17.83692,-7.346944,30.08976,1961,669194
16.840355,25.382643,-22.968512,1962,663455
-20.557117,-17.046963,12.938788,1963,683769
-1.2380152,-10.959831,10.56376,1964,643361
9.6444845,-31.183743,6.735143,1965,571976
10.024144,-6.648864,-3.9028997,1966,666974
-20.274763,31.02573,2.7847586,1967,663485
-39.60988,5.9959774,4.9409513,1968,656755
28.55857,12.462816,4.0442615,1969,641914
-5.312272,9.073419,23.90087,1970,656657
3.3143408,-15.056634,-9.206758,1971,664942
10.74049,-13.816828,-10.5368805,1972,622379
-1.1796329,11.785185,37.11203,1973,663989
-10.087009,9.259964,40.726475,1974,675540
34.25303,-0.6889816,-21.949068,1975,624503
-5.9201617,24.163565,0.020553233,1976,670768
18.884884,-1.2461567,20.426231,1977,663893
24.815413,2.4118266,-16.853516,1978,664944
-14.676626,13.768234,4.838451,1979,641531
-26.134516,-4.110438,9.1221285,1980,676917
-16.418238,11.820562,-28.145758,1981,668800
14.295047,15.263497,-14.059965,1982,593160
39.400463,7.829186,3.4906304,1983,663947
10.153476,-9.0823965,10.934855,1984,622569
-15.7540865,-22.839954,-25.807919,1985,670059
11.027229,18.480722,2.7911212,1986,624512
24.971394,-4.748137,-17.871603,1987,669461
-28.160765,1.3244003,-12.63267,1988,614177
-12.378754,7.1323123,11.823492,1989,659262
-7.021545,-26.044449,-21.113846,1990,656820
-5.89707,-1.8940463,-22.67723,1991,594838
8.865297,-11.476211,-9.053682,1992,674681
9.565159,13.855112,6.299353,1993,688010
12.4534025,-2.2787359,-3.5200667,1994,676130
-20.282454,11.8470125,-3.8023276,1995,669742
23.88819,16.767353,-4.262064,1996,543281
-13.877648,-5.6749525,0.3158109,1997,676206
28.094606,-6.6256704,9.055074,1998,664849
6.791229,25.293898,14.224328,1999,670032
-1.6207683,38.043438,11.2333355,2000,607609
7.0362725,-17.113396,-23.4377,2001,644374
10.52452,29.292925,26.2395,2002,660787
-11.599278,6.467279,-14.168168,2003,676946
-14.04789,-4.6171217,7.7892923,2004,672839
29.94405,-23.205263,-3.934078,2005,571446
3.0485847,38.538895,-11.11036,2006,681217
-0.3678126,-24.959623,-23.889471,2007,620443
7.123945,-31.621899,1.1473039,2008,661531
30.4143,0.3242645,10.214427,2009,663629
-6.42708,-6.2845297,-4.547471,2010,669022
0.8836752,2.7426572,-6.714969,2011,676974
8.376571,4.125441,-9.782408,2012,656786
-1.0087513,1.1487731,20.11706,2013,668684
-2.414332,-16.84414,21.425005,2014,660730
22.21094,-4.221329,-16.647968,2015,657745
2.198313,5.3705096,0.18204716,2016,663975
-10.065031,-3.2364912,21.213745,2017,664161
11.735251,28.831635,12.605062,2018,689225
28.857983,-17.884605,14.573531,2019,547184
-38.485485,-7.5333195,-16.491795,2020,656412
18.925781,1.2930653,-4.626499,2021,676637
18.857769,21.302673,-14.34936,2022,572191
3.4567578,22.622133,-15.0617895,2023,598265
11.350075,-8.429041,4.857793,2024,444876
-22.856815,7.8163047,-25.635832,2025,676660
-5.4681535,-3.5804973,40.25207,2026,642165
4.563422,-19.108078,-10.1962805,2027,657424
-2.0551178,14.02623,-27.014816,2028,676391
0.7371249,-12.297343,-14.79542,2029,678061
-23.63207,-8.805883,-17.299623,2030,676194
-20.59594,20.55497,3.9791172,2031,660636
-15.055706,28.768726,-15.935203,2032,668873
12.641556,-15.204204,-8.922932,2033,670046
-14.512762,-2.1119125,-17.594297,2034,606993
13.605654,-2.4923666,-17.681973,2035,681885
-4.7192755,38.102943,-14.629247,2036,608686
-3.2156196,7.354764,-18.372852,2037,643524
5.902169,-5.618345,-2.2564716,2038,571466
25.635721,12.069955,-25.843313,2039,656986
-14.182574,31.446629,0.53686005,2040,425877
-34.45327,-3.9774387,-2.114175,2041,622268
-15.643084,-12.256095,19.720673,2042,660593
2.0984209,2.597665,17.460716,2043,545341
-24.555109,21.495405,-13.775745,2044,642060
19.708996,29.09695,-6.411766,2045,592743
20.132057,26.882938,0.58304477,2046,608703
-21.21473,26.09172,9.584871,2047,673904
28.812166,-8.3351145,-7.7391376,2048,640461
-32.664562,22.885786,-10.593821,2049,405395
35.398518,-10.066008,1.8740803,2050,682027
8.291678,-32.401955,26.345411,2051,682016
12.285498,-18.850876,1.9641219,2052,644429
4.0490685,-2.955701,8.957135,2053,681799
-29.650326,12.372922,-0.19263831,2054,670102
-13.26069,1.0694321,16.072739,2055,669854
-9.155626,21.579546,17.605843,2056,650960
15.030242,17.02908,-7.0667553,2057,543829
-1.067588,20.678215,-4.294907,2058,673862
14.891342,13.060745,-4.776818,2059,683627
-32.404747,-7.3290076,2.3275375,2060,689379
21.24678,-20.030666,-8.964903,2061,681603
-8.572749,-4.802135,11.964169,2062,801389
-0.387237,-27.41104,10.99948,2063,622338
30.308159,11.26608,-13.013353,2064,671922
14.114835,-3.4818082,1.9154534,2065,679033
14.570727,-15.061918,-17.63503,2066,592155
-6.435996,-40.79657,0.61593014,2067,681803
-14.477589,35.73421,0.71850353,2068,621053
-4.409417,-20.187492,-35.97654,2069,701487
3.9464996,10.919351,3.5227253,2070,703106
10.738333,4.4820023,13.297227,2071,688857
29.80259,-5.210599,4.3354053,2072,683565
3.7315295,-7.040641,33.484562,2073,682726
-7.923297,22.662687,-6.2498474,2074,682528
10.046049,-15.274152,-12.581847,2075,682227
4.6196666,11.743157,-27.260435,2076,663943
10.992302,10.362949,11.663177,2077,656349
5.57634,-6.8882794,-20.943632,2078,664910
-6.6397395,7.872426,29.692177,2079,667280
18.364592,-12.003861,6.04782,2080,663671
8.614753,-23.554836,5.832591,2081,679777
-3.5947144,-26.827597,-9.07021,2082,687330
-6.862989,14.399778,18.228817,2083,676272
-17.149897,10.946534,10.043857,2084,701619
-11.971693,-7.2385,-18.056862,2085,657116
27.993477,11.733815,8.01529,2086,691602
-15.438552,13.170066,-1.7226796,2087,687460
-17.089525,3.6992462,25.930418,2088,700412
28.205503,-25.693924,-0.460062,2089,666745
32.817863,11.226191,2.1588378,2090,673965
1.3599344,8.911513,-7.292083,2091,667722
7.973033,-44.952835,7.6942897,2092,676785
-3.353793,-33.60677,-9.678329,2093,672382
0.11298418,-4.592362,-32.217766,2094,687014
14.256949,4.5773587,34.913776,2095,656937
2.6735501,29.644289,-1.4649442,2096,688497
9.315286,-2.4484994,26.359797,2097,670151
9.183779,2.0334322,6.917411,2098,672550
22.529274,25.61165,-16.501732,2099,672795
7.520437,-17.611002,-26.834637,2100,679358
0.6955175,29.147068,-3.676131,2101,676620
9.140652,-13.486747,-22.066523,2102,671111
13.696483,20.476238,-22.943668,2103,656077
-0.66566896,-10.053597,31.677013,2104,669205
31.922264,2.72414,-24.726665,2105,670721
3.3828194,-5.641917,-18.200676,2106,678725
2.3526359,36.22292,-8.591069,2107,672774
-21.966972,-25.159698,-22.897934,2108,670871
-14.744937,1.680063,24.285358,2109,682130
5.8049107,-26.346458,-10.229501,2110,676298
-19.654276,-19.661531,12.911721,2111,686933
25.748417,13.144766,-3.0730715,2112,663823
18.570053,21.661427,1.3953663,2113,673111
-18.627712,-19.110039,20.948214,2114,701151
1.6091075,-14.860938,13.6904125,2115,676014
-15.269599,-17.775072,-14.480099,2116,687866
-1.0848498,-13.463743,-40.194195,2117,702464
-12.700971,18.670729,-31.776943,2118,695769
-3.002786,-27.995056,-4.0135684,2119,678149
-5.416893,4.561913,-30.287714,2120,656206
-12.752317,-18.81465,18.394981,2121,663856
-13.845891,28.090502,-0.8683643,2122,689185
5.8900805,-0.75737846,20.893694,2123,681185
-6.427047,-6.344431,21.420948,2124,641620
-6.2390466,9.59024,-30.75713,2125,682120
19.843285,8.001341,19.316254,2126,690103
-25.288363,8.769409,-24.813524,2127,642225
3.6398416,-9.56373,26.09007,2128,682967
-9.009531,-7.1974516,42.063576,2129,702477
28.390999,3.4490325,14.732061,2130,698785
2.151479,13.65193,-2.2428215,2131,668674
-7.8537054,10.757785,15.663734,2132,662165
26.636015,2.8695197,-31.223478,2133,668880
6.4712987,5.4798927,9.420813,2134,682201
18.595325,-1.1165221,-22.63274,2135,670125
-25.659662,25.179768,15.380139,2136,680863
1.2542413,1.8690335,12.170647,2137,676546
-0.6629928,26.60102,-8.09444,2138,699479
8.12983,6.5214434,1.265365,2139,682615
-13.00793,-7.2211485,-32.93012,2140,688984
-22.347586,26.59908,-2.8130174,2141,670219
-33.80744,8.991116,-6.3603263,2142,681145
-1.2543429,12.455161,28.67428,2143,675976
15.201159,7.002453,-12.500847,2144,663977
2.7374015,-18.399954,-5.2843204,2145,663359
24.45048,-17.569357,-3.1056962,2146,641709
1.3128276,14.306491,-36.90719,2147,668757
-31.001957,17.846916,-7.3257785,2148,676334
40.08813,10.271596,-6.5199037,2149,681168
5.4095373,-0.15372579,-6.135504,2150,688953
-21.883587,14.809086,23.668247,2151,687849
20.494402,-1.9102262,-21.086946,2152,669391
4.932521,37.721447,-2.495412,2153,679346
16.75594,3.673444,4.2903056,2154,681958
16.864914,-25.75146,25.189432,2155,682489
-2.5284808,-15.499511,-38.798687,2156,656919
38.900375,7.040545,6.2606363,2157,668908
-9.278091,20.84965,12.694024,2158,676515
14.828567,-0.9157028,1.4857723,2159,672870
26.348225,7.1892886,25.619211,2160,660440
-12.00535,-27.615103,-13.038152,2161,688125
-6.4159784,25.221674,4.963489,2162,664784
15.795658,-19.095646,26.43524,2163,667434
-18.937824,-3.010436,0.91127276,2164,670437
-0.1820111,-28.836449,8.186971,2165,642271
-25.777534,3.902802,19.195024,2166,642140
-22.126017,27.308031,-5.281187,2167,671162
-4.657334,19.409569,9.987981,2168,680961
6.013053,18.891508,17.248726,2169,678041
27.000414,-21.543224,15.993038,2170,686993
27.148672,20.745539,-7.961979,2171,686608
9.378935,18.680294,-17.812626,2172,661332
-3.8406703,-8.679259,-25.127527,2173,695405
-11.26739,-15.960528,-13.310849,2174,682143
-15.776631,-5.0482235,-13.511808,2175,676726
-19.647964,-2.1542058,-14.196871,2176,518464
22.186735,-20.505608,15.215062,2177,689520
-9.949505,-11.860544,37.753277,2178,674444
6.3277264,-28.037943,-3.3235805,2179,532936
-15.310888,7.2035933,4.5295696,2180,665996
-30.797148,4.370736,29.963707,2181,641978
-27.571865,4.98867,-18.862581,2182,668871
15.508706,5.11795,-12.009421,2183,663489
2.6438296,-36.79861,1.6978489,2184,694642
14.999488,17.66032,1.4632325,2185,663534
-17.316328,6.49599,-2.0382633,2186,681320
4.4846063,31.221743,0.32352963,2187,671305
-10.096886,25.34999,8.603933,2188,657092
1.2570754,-28.968721,-5.9052353,2189,681902
-6.8669844,-10.77687,-8.64713,2190,680653
9.623405,-4.876737,36.471577,2191,676254
9.412569,-29.05559,-3.7262013,2192,695445
-6.167295,-6.8718824,37.646637,2193,687798
16.921446,-1.0366273,15.417368,2194,660261
33.16626,2.9172485,19.222122,2195,695243
-24.482061,-2.3596315,18.18969,2196,694037
-19.641853,18.545574,10.025283,2197,681432
-2.3861485,7.8502264,-3.524368,2198,690986
-14.8803625,8.131094,-3.9995651,2199,693312
-6.8294053,-37.81725,10.871842,2200,674370
-9.52552,19.978058,-6.0165443,2201,663462
-28.537205,-8.810759,21.25509,2202,672860
-11.105606,27.52866,-10.093464,2203,681892
21.477291,4.2582455,-0.9268874,2204,679885
-9.064522,-14.113423,-32.283924,2205,686826
-40.61378,-1.9814979,3.4896379,2206,671737
11.46799,-30.916256,13.593685,2207,682052
1.0181835,-3.166429,10.069071,2208,686539
21.09476,3.4127655,-2.784995,2209,676680
-13.843544,-4.0588026,10.723444,2210,678606
-38.513058,6.246192,-17.321802,2211,689266
6.28824,-28.332848,28.285034,2212,671131
14.514906,25.701473,-11.485318,2213,663704
-12.710669,-13.6548,-38.71257,2214,689147
4.158212,-10.965542,21.131495,2215,663941
-19.439913,4.0205774,28.862906,2216,669724
19.192757,-7.158579,-27.623196,2217,675989
-3.549826,31.649723,10.118564,2218,669796
4.0714164,-23.586195,-8.920441,2219,682990
-18.619247,19.460814,2.5375593,2220,666277
-41.888622,-0.03324508,3.8587153,2221,679525
-7.2333217,16.469566,-27.755903,2222,682842
8.819067,6.53798,3.2590344,2223,696136
25.117064,18.296476,25.710384,2224,680723
-17.178047,31.563055,3.468405,2225,683175
-13.051797,5.006374,30.873898,2226,680983
-2.7570047,1.1700867,29.724255,2227,667755
14.400708,32.400635,-20.429712,2228,690829
13.402339,-36.817562,11.393477,2229,671212
-6.636527,-2.4982398,26.451912,2230,686747
31.040766,3.6552467,-23.100899,2231,680767
-5.5663633,34.487217,10.242291,2232,666154
-23.394943,2.2118242,-17.388763,2233,674003
-6.7054777,23.45488,18.89596,2234,669387
-22.82503,-9.779862,5.9165387,2235,681882
27.47964,2.1902788,-4.8290033,2236,676702
15.677943,-23.694025,-3.0364354,2237,642216
-13.759063,11.205618,21.621643,2238,682010
-6.058067,-4.3794985,-37.44699,2239,680742
-0.7549411,30.980562,5.4751134,2240,681190
-15.63669,29.625471,1.2550653,2241,686730
-13.764059,-37.089214,-4.084181,2242,669721
1.6391503,-12.483474,35.503063,2243,676961
27.023638,-30.963474,1.5794864,2244,677076
-6.2881746,15.874493,4.230396,2245,685314
7.0683746,-2.699742,-30.458538,2246,676775
6.1145015,0.11272538,-30.207142,2247,693433
9.084463,-38.601788,3.1344962,2248,500743
-1.8868752,14.257492,35.828,2249,701643
10.122199,18.191267,-9.056582,2250,672782
-5.885249,-25.35022,-12.669084,2251,685107
-41.622982,3.186688,-5.4352784,2252,687830
15.558109,-4.587169,15.779625,2253,665622
3.54285,18.630375,-11.800423,2254,700363
-10.192974,-29.878685,6.4468274,2255,673540
-23.956537,0.3060112,-9.11439,2256,663362
27.517862,25.956102,2.4903755,2257,669684
23.419407,22.835546,7.8049936,2258,671096
10.184407,2.1306992,31.400377,2259,694297
31.035501,18.460657,-6.742453,2260,663658
16.263515,-2.4040422,5.251159,2261,680570
4.7342377,-28.4847,-12.474434,2262,670241
-0.73769426,18.83718,34.69427,2263,646241
-10.748157,-14.8216505,-38.189217,2264,683155
-9.349003,-39.61606,-16.904057,2265,682243
9.180761,10.341602,-14.591982,2266,686218
2.9747841,2.145119,10.702501,2267,663562
-15.624722,-11.93164,4.0078144,2268,676395
9.44936,-24.584635,12.171335,2269,681857
33.271206,-17.368076,0.91128063,2270,688427
-18.573952,-8.5785475,-25.180283,2271,664744
-17.802454,6.2493396,-13.566085,2272,641585
3.845084,26.615337,18.78572,2273,642133
-5.9552073,-25.322266,17.628847,2274,677944
-28.149754,12.704726,15.894201,2275,694813
-0.8861016,7.146654,35.066044,2276,663623
-19.266504,-6.8679967,-9.419447,2277,687922
-18.126436,-18.190807,-5.075907,2278,669947
-19.990534,-15.122045,-22.926624,2279,691587
-28.091888,6.5365863,26.345432,2280,671106
18.018244,-14.966625,-7.5726748,2281,663321
-4.974765,12.69967,-19.758465,2282,668909
3.7522955,-28.343697,-0.34369922,2283,687145
31.59181,-7.2544556,14.443073,2284,694363
19.06853,19.758823,-12.663456,2285,676440
22.669336,-18.369421,12.199297,2286,686294
-18.355844,8.583434,26.7348,2287,595978
-23.063763,5.1750236,28.48553,2288,687888
-7.5101695,-11.849166,-40.42588,2289,664874
17.034369,2.6213396,13.91495,2290,543518
-5.4136043,-17.356813,-9.959166,2291,687396
33.280754,-7.483083,11.992071,2292,669165
-37.554344,10.120922,-16.722458,2293,682175
14.391218,-27.71791,25.305481,2294,681402
9.746534,18.725204,-1.2624593,2295,640454
14.918225,7.7749534,-21.27143,2296,686839
17.24876,-10.142975,30.809864,2297,680735
8.735101,3.6142447,25.635572,2298,680689
-20.33758,0.5705565,-13.356927,2299,668984
-7.616581,-31.52553,-21.105125,2300,650489
-1.9478775,31.086433,-21.63807,2301,681807
-3.260015,-24.96704,-24.117395,2302,645444
12.41386,-8.990822,19.24329,2303,670097
-27.040323,11.105258,18.463196,2304,669111
-1.4214653,18.762154,32.465008,2305,663542
-14.0742235,13.390195,-24.411295,2306,622110
31.632181,6.1596336,-1.238393,2307,681982
8.699831,6.485812,-15.323779,2308,455117
-14.048107,-0.9500381,8.208448,2309,663687
-16.048582,-30.195663,-13.967175,2310,676106
32.51796,-11.237477,-10.994233,2311,666364
11.285937,-4.9317036,-1.5656375,2312,543510
2.0338187,33.45031,7.160912,2313,665734
29.690449,-31.048714,4.9226522,2314,677020
-3.7784655,-4.1235366,11.404846,2315,668470
10.081692,-25.189812,17.247887,2316,656924
-37.077103,4.251367,-5.96188,2317,665048
-10.111903,20.467081,2.141223,2318,682989
-9.580448,13.587471,0.5930707,2319,678226
-24.580776,4.242164,-30.463003,2320,650907
1.1697338,-6.739541,-42.180862,2321,666720
-0.84379125,-0.78030413,-3.5377367,2322,666208
-20.654335,-2.8419356,11.108971,2323,686651
18.252748,-10.055945,-18.270115,2324,543543
-30.337164,5.354706,-22.988703,2325,680232
-12.468926,-11.428089,-3.521349,2326,669438
-30.171696,11.929615,14.423136,2327,689690
6.213963,-27.482908,-14.868712,2328,681517
13.112696,37.61585,-2.1939664,2329,686654
-26.411674,22.516094,-8.298101,2330,676632
0.7406211,5.612423,11.917092,2331,643396
10.081072,-28.296322,-19.428041,2332,689167
31.771118,-7.828872,8.281832,2333,676475
-3.6982152,23.729984,17.133274,2334,681808
15.634159,8.824005,-23.62351,2335,696147
-7.8456454,27.009863,8.34356,2336,660634
-3.6306517,-2.5049963,42.22994,2337,681869
9.611909,16.48974,-28.996468,2338,518626
-20.322403,-11.477976,-6.7056284,2339,674285
-26.289284,-4.7415824,-19.561737,2340,570731
10.157122,10.131216,-0.5115444,2341,673858
8.495226,6.8537426,33.24231,2342,691094
6.871632,22.95439,26.707067,2343,623507
6.0932217,-34.65449,1.2217213,2344,681584
-3.0228617,5.187727,26.27658,2345,668942
0.5264056,-21.683397,5.440669,2346,676689
30.983715,3.8426027,18.250135,2347,543063
-5.813531,10.06862,-20.502684,2348,669105
-7.487184,11.166249,-35.780502,2349,663971
-6.501292,8.660998,6.084185,2350,689172
13.627919,-8.6552105,10.252734,2351,672730
29.817614,16.96712,23.043072,2352,670183
30.809458,13.033558,-10.863912,2353,670042
25.429548,-16.934025,4.687082,2354,676701
6.2330585,12.473985,-9.038012,2355,666207
-12.993743,-30.06618,14.140973,2356,685410
-0.10547386,-6.7759166,-13.578355,2357,670156
7.199882,26.020159,-12.509246,2358,571875
-25.998388,7.581838,-19.865612,2359,657041
11.088025,-2.622391,9.107895,2360,663897
2.9735935,31.176165,7.0821757,2361,613564
15.558751,5.602747,4.0410542,2362,686842
-12.295144,31.110367,-13.875202,2363,542208
-31.600924,8.973836,-21.777367,2364,672841
29.909586,8.627622,-14.36059,2365,681987
0.041904345,15.828169,-22.084307,2366,656716
-11.243253,16.031353,2.0651298,2367,607461
