pitcher,0,1,2,3,4,5,6,7,8,pca_0,pca_1,pca_2,tsne_0,tsne_1,tsne_2,IDmlbam,WAR,Name_x,Name_y
519141,-0.28696454,2.3232613,-0.8426619,0.051400784,0.22747402,0.5321165,0.8758081,0.37274176,-0.3254657,1.733292295534332,-0.017900594956687717,0.7603044506442093,15.991849,-9.207237,2.6386797,519141.0,6.0,Drew PomeranzDrew Pomeranz,Drew Pomeranz
592717,0.6670038,0.96670556,-0.2248654,0.07391532,0.66703254,-0.26672745,0.17870106,0.2979466,0.51356936,0.7167493952057211,0.23492990101665442,0.5645955045005889,10.965623,-3.5958133,7.502025,592717.0,3.5,Aaron Sanchez,Aaron Sanchez
456034,0.29723492,0.09349085,-1.1083829,0.6242233,0.4618677,-0.97940356,0.33986142,-1.6153436,-0.642051,0.4219631539919658,-0.5009911033625026,0.875021928288227,4.3127584,-13.678167,5.2429104,456034.0,6.800000000000001,David PriceDavid Price,David Price
527048,-0.51751316,0.33887303,1.8782604,-1.283886,1.4131175,1.2505677,0.11374735,0.68643665,0.32853013,-0.13560877715254296,-0.348802937594635,-1.1315551192905304,10.57391,-11.133587,-22.817284,527048.0,10.8,Martin PerezMartin PerezMartin PerezMartin PerezMartin Perez,Martin Perez
592866,-0.24372381,0.8412149,1.5388259,0.799856,-0.38653708,-2.5492415,0.4116879,-0.6922672,-1.5347674,1.2072403895541504,0.14416545178994783,1.4888486752977617,15.535977,-6.112594,22.931877,592866.0,2.7,Trevor Williams,Trevor Williams
453281,1.6284658,2.9672194,0.68259025,-0.3619729,-1.7825869,-1.3794749,0.92557824,0.8790764,0.04595807,2.62401391146507,1.7331633352308442,0.5951782835742687,22.136784,8.222151,16.998253,453281.0,1.6,Wade LeBlanc,Wade LeBlanc
425794,1.0857859,-0.33800715,0.2799317,0.050372317,-1.0911821,-0.40048364,-0.09895183,-0.7635162,-0.88366675,0.48638563366032156,-0.12862096754563443,-0.7071653504801254,15.21816,-1.2327893,-10.791299,425794.0,12.7,Adam WainwrightAdam WainwrightAdam WainwrightAdam WainwrightAdam Wainwright,Adam Wainwright
640455,-2.9388711,-2.832287,-0.40108982,0.45780134,-0.36087167,0.23742461,1.9987013,-0.64847946,0.9779609,-4.050538077640376,-0.355220669281212,0.6824840410731582,-22.205835,4.4112983,12.101492,640455.0,3.3,Sean Manaea,Sean Manaea
595191,-0.5399403,0.026179317,-0.62674516,-1.5080217,0.9808792,-0.8492756,2.018267,0.39797953,0.23284154,-0.8289986845415123,-0.5549576492230379,1.0626538803709622,-21.354927,-3.0124428,9.606513,595191.0,3.0,Jerad Eickhoff,Jerad Eickhoff
621244,0.43985492,-0.3152972,-0.8421374,0.5041296,-0.116267145,0.5035857,-0.43440676,1.588766,-0.22439505,0.08647044929917051,-0.6058336079421827,0.3087783036079641,-3.2354956,-15.509569,2.9151306,621244.0,16.7,Jose BerriosJose BerriosJose BerriosJose BerriosJose BerriosJose Berrios,Jose Berrios
519242,-1.6905956,0.8598165,0.09928071,0.8881472,0.0051598866,0.5205191,1.6860927,0.17409064,-0.27150488,-0.04906949134214067,-0.35295498874816994,1.0388383678169988,-3.0697987,-7.7211103,23.42316,519242.0,12.899999999999999,Chris SaleChris Sale,Chris Sale
608566,-0.24875882,0.06402187,-1.9263335,2.3623402,-0.20430204,0.91483647,-0.6410475,-1.6688622,0.497362,0.09439947592521246,0.22837648348227715,0.42288280794353067,3.1512408,-8.600521,5.123793,608566.0,16.9,German MarquezGerman MarquezGerman MarquezGerman MarquezGerman MarquezGerman Marquez,German Marquez
625643,-0.15493809,-1.808659,0.52523655,2.0586407,-0.5877602,-0.5705905,-1.455418,0.49104068,0.6450556,-1.3448803520323567,0.4886672169309984,0.5317470198947027,-13.335382,17.76657,8.285655,625643.0,4.699999999999999,Reynaldo LopezReynaldo Lopez,Reynaldo Lopez
453286,0.6311659,1.0677013,0.015386152,-0.2963783,-0.41129765,-0.21041298,-0.13356803,0.44214132,-0.9809589,1.493152704056327,-0.14918646574272992,-0.013555721565544479,20.563536,-2.1107664,-4.0428457,453286.0,33.2,Max ScherzerMax ScherzerMax ScherzerMax ScherzerMax ScherzerMax Scherzer,Max Scherzer
543408,-0.016821021,0.05063119,-2.338483,0.2575508,-0.37987855,-0.14621371,-1.3645394,0.049625624,0.8369864,0.01691709291327481,0.8959242498854173,0.594860276689061,0.6385772,15.431982,14.1353445,543408.0,1.1,Tom Koehler,Tom Koehler
519043,-1.3330251,-0.15000573,0.8086743,0.87498516,0.8964136,-0.26600978,-0.43828797,0.31008327,-0.5006051,-0.17383633577610966,-0.46521085832520837,0.8637654017966283,-1.6766526,-4.1092243,3.3762007,519043.0,3.0,Matt MooreMatt Moore,Matt Moore
628317,-1.4097962,-1.476708,-0.5932287,-0.7496611,-0.029105542,0.6033213,0.04531938,0.47116128,-0.55011785,-1.4434102901390267,-0.9101174377062533,-0.25369466218762865,-13.217639,-8.875097,-9.794004,628317.0,5.0,Kenta MaedaKenta Maeda,Kenta Maeda
468504,-0.16087487,-0.254453,0.027098155,-1.0921274,-0.57372016,0.5266093,-2.1984258,1.3730254,-1.3317779,0.7663214289153061,-0.3167052322523137,-1.0503861137570882,11.89363,2.4093337,-26.595287,468504.0,4.6,Jhoulys ChacinJhoulys Chacin,Jhoulys Chacin
434378,0.40160224,-0.20186561,0.38609335,0.67613226,-0.095635444,1.0623946,1.2090856,0.37213057,-2.5545447,0.8250818408645587,-2.5090563049319687,-0.39996026365075155,10.349723,-23.851606,-8.651617,434378.0,31.8,Justin VerlanderJustin VerlanderJustin VerlanderJustin VerlanderJustin VerlanderJustin Verlander,Justin Verlander
527054,0.3012764,0.6475965,-2.1192179,-1.7319394,-1.2768543,0.20356695,0.68088686,-0.13591294,0.04488718,0.35731168397855284,0.47968579718815024,-0.40352171362106104,-4.8276286,-2.1872017,-7.0141506,527054.0,6.3,Julio TeheranJulio TeheranJulio TeheranJulio Teheran,Julio Teheran
458708,-1.0447961,-0.00729357,-2.2573,-0.64802635,0.1125315,0.8617504,0.20655136,0.52104163,-1.2850091,0.1509507616741638,-1.3395289147741933,0.3414000974175443,-4.145072,-13.804686,-4.1368823,458708.0,1.0,Josh Tomlin,Josh Tomlin
453178,1.005323,-0.13822176,1.2064325,-1.3804649,-0.47314072,-0.55764765,0.79302263,-0.9376527,-0.9634991,0.3623859654649105,-0.35364428314940827,-1.1479335945605535,-3.8952582,10.683434,-22.36944,453178.0,2.0,Ian Kennedy,Ian Kennedy
543294,-0.27335966,-0.3846783,1.4874405,-1.3868797,1.3927191,1.9099735,0.37385178,0.5926823,-1.0180285,-0.12075829488203707,-1.8124959089435595,-1.6952881221270626,9.461763,-13.828642,-22.750593,543294.0,14.7,Kyle HendricksKyle HendricksKyle HendricksKyle HendricksKyle Hendricks,Kyle Hendricks
592332,-2.530641,-0.9823942,2.42676,-0.64834553,-0.3130434,0.5272903,-0.12517309,1.1369497,-0.10135468,-1.5527612507057351,0.16894411191537162,-0.5816261378782233,-26.451138,13.42829,4.83388,592332.0,23.8,Kevin GausmanKevin GausmanKevin GausmanKevin GausmanKevin GausmanKevin Gausman,Kevin Gausman
457918,1.9353985,1.3185625,-0.013540918,-0.34118977,0.5871416,0.42782974,0.17477046,-1.1175385,-1.8419788,2.4259164376529294,-1.351120006099363,-0.9303563415796204,28.052193,-8.3673115,-1.3597617,457918.0,5.8,J.A. HappJ.A. Happ,J.A. Happ
593958,0.5055934,-0.6063684,-0.59308887,-0.19502969,-0.6285821,0.45563695,0.8635573,-0.6944527,-0.6042986,-0.26532757848010663,-0.7288925829743583,-0.6360220602171311,-4.9206614,-1.760526,-12.878082,593958.0,3.7,Eduardo Rodriguez,Eduardo Rodriguez
502706,0.39263192,1.1402794,-0.39865714,2.5504627,1.9324764,0.25901115,-0.30621725,0.32018766,-0.54924744,1.4874690112392703,-1.2112104421912708,1.6249838805243908,21.17255,-9.188962,11.273913,502706.0,2.4,Derek Holland,Derek Holland
543606,0.97686106,0.40091982,0.6968125,0.27109548,-0.22276917,0.62937754,-0.40944424,-1.1663779,0.19032438,0.685609919577813,0.38932244370101543,-1.1866780532135346,15.68468,5.4986515,-12.194207,543606.0,4.3,Jake OdorizziJake Odorizzi,Jake Odorizzi
643327,-0.12842625,-0.403034,1.4458381,-0.6980462,0.36735758,0.10191507,-0.29264224,0.0021461267,1.6361156,-1.048437319459422,1.1142199954204215,-0.7515375445745242,-18.069609,16.797668,-5.142195,643327.0,2.3,Zack Godley,Zack Godley
453385,0.13700195,-1.2695884,0.765147,1.2690946,-0.45094183,-0.9038361,-0.64548934,1.3162048,1.8167455,-1.584381129542463,1.2322920834921534,0.8309648707976195,-15.760894,17.468897,8.025205,453385.0,2.2,Clayton Richard,Clayton Richard
608379,-2.1289883,1.0158541,-1.4826087,1.7178261,1.6594331,0.07845108,-1.057683,1.1923541,0.2640593,0.3770649789130816,-0.12755925989764388,2.464647680480307,5.681594,-11.289839,21.57528,608379.0,3.1,Michael Wacha,Michael Wacha
547874,-0.49236304,-1.6772417,-0.16435069,-0.49069935,-1.5697695,-0.99557567,-0.7607995,1.2804598,-0.6882961,-1.0843763943624685,0.06230916157530377,0.14691522353883835,-14.7912035,7.3111196,4.6219535,547874.0,2.7,Hisashi Iwakuma,Hisashi Iwakuma
112526,-2.1548727,0.055021614,-0.26232255,1.9188741,0.11823858,0.3187109,-1.0408317,0.057820708,2.5779335,-1.3755265955479097,2.048972215379707,1.2148520034347159,-15.047836,24.529045,8.875188,112526.0,2.4,Bartolo Colon,Bartolo Colon
502327,0.90995705,0.34445003,1.393141,-0.7310049,0.438802,-1.1222321,-0.34577554,-0.6487893,1.7152898,-0.14874088986141548,1.6469036714063385,-0.2998034938073306,2.1874318,22.027645,2.8602355,502327.0,0.8,Hector Santiago,Hector Santiago
448306,-0.01631217,0.49312565,-0.9248806,-0.22238512,-0.10423236,0.32347947,-0.9385699,0.34304988,-1.5930966,1.297444089298572,-0.8320963211548288,-0.09677465240573067,14.2612095,-6.5200505,-6.475287,448306.0,0.19999999999999996,James ShieldsJames Shields,James Shields
543475,-0.47671804,1.5527124,0.6919355,-0.49457967,1.2056885,-0.13471529,0.014495161,-0.2434055,0.047104027,1.0579534933923966,0.2486107820267579,0.3103831796586561,16.534166,8.566643,5.2353067,543475.0,1.9,Jordan LylesJordan LylesJordan Lyles,Jordan Lyles
543699,-0.68709576,1.1723589,0.4072206,0.9920733,1.3424045,0.1808893,1.6158425,-0.49072415,-2.553743,1.5255912526332491,-2.365633078153063,1.0397249743124164,12.696624,-21.775667,1.4642549,543699.0,10.3,Tanner RoarkTanner RoarkTanner RoarkTanner Roark,Tanner Roark
621389,-0.6726306,0.27524102,0.0009629506,-0.89582676,-0.86857146,-1.3392464,0.0770457,-0.31982335,0.5864378,-0.3078597004679584,1.4129530865797324,0.4560782645512929,1.0563414,10.448724,12.833793,621389.0,1.2,Ty Blach,Ty Blach
477132,1.6321028,1.3455278,0.8928441,0.24336272,0.7095315,-0.36925396,-0.38592142,-0.46896708,-0.8749897,2.0771548977636605,-0.3591630754170544,-0.2196032597821523,25.311852,-7.149623,-3.8649292,477132.0,7.9,Clayton KershawClayton Kershaw,Clayton Kershaw
543521,0.2282121,-0.31976333,1.4011449,0.46875805,0.86920124,-0.49513912,-0.82106805,-0.40649968,1.3347632,-0.5512381152290775,0.8975562258773837,-0.0545927417648237,-3.6810896,16.38448,1.5515239,543521.0,2.7,Collin McHugh,Collin McHugh
605182,0.41656756,0.5950551,-0.25827536,1.0478885,-0.63240814,-0.3658907,-1.023661,0.29124853,-0.11452,0.9580096990234016,0.5804598451941843,0.45918218464069,16.826832,0.8097398,13.629595,605182.0,4.2,Mike Clevinger,Mike Clevinger
545333,0.5117989,1.5834664,-1.1272638,-0.5077639,0.14955346,0.5146302,-1.3499788,-0.5262734,-0.85071295,2.1209319882634734,0.039841761361140156,-0.49794780553870527,21.617607,3.0110743,-0.5953241,545333.0,17.0,Trevor BauerTrevor BauerTrevor BauerTrevor BauerTrevor Bauer,Trevor Bauer
450172,0.3117354,-1.983449,0.41039863,-0.16931514,1.7576046,-1.1472512,0.37788823,-0.52837205,-0.5218822,-1.3976727368165767,-1.5921435694112607,0.4784147189742364,-8.659052,-22.471878,-3.096816,450172.0,1.7,Edinson Volquez,Edinson Volquez
452657,0.7494407,-1.3068415,-0.4166818,-0.61796695,0.32113883,0.39461526,0.06433585,-0.7045005,1.0311992,-1.3091000519829967,-0.014491363512990732,-0.9032130622704223,-9.4893465,15.943898,-7.0146437,452657.0,11.9,Jon LesterJon LesterJon LesterJon LesterJon Lester,Jon Lester
489119,1.0968996,0.48411337,-0.49406084,-0.71266085,-0.31418097,-0.42719796,0.1938147,0.71763617,0.06038088,0.6022081410252248,0.1702628162675929,0.079156381435644,7.4705067,-7.257034,6.4051666,489119.0,6.8,Wade MileyWade MileyWade Miley,Wade Miley
622663,-0.76831126,-0.35000822,0.6941204,-1.7719691,0.36573458,1.2114525,-0.5515167,-1.1137546,0.038192306,-0.47158104866935546,0.050296259386862274,-1.9372130406433554,-0.4055864,3.3333933,-19.661127,622663.0,11.0,Luis SeverinoLuis Severino,Luis Severino
519144,0.4354243,0.39100543,1.5435979,2.1431124,0.53486747,0.7680554,0.8233446,1.097041,-0.76481545,0.690307996312274,-1.2622255073850404,0.49405089030144933,13.502986,-20.946203,7.8242183,519144.0,11.299999999999999,Rick PorcelloRick PorcelloRick PorcelloRick Porcello,Rick Porcello
462136,0.7487302,-1.1673678,0.99896395,0.4780341,-0.84133506,0.78177994,1.8303771,0.7346264,0.395171,-1.2972534518153067,-0.565187578406095,-0.6169199974708033,-22.564112,-15.855629,-0.50783724,462136.0,5.300000000000001,Marco EstradaMarco Estrada,Marco Estrada
506433,0.40937686,0.04363584,-0.6895733,-0.06348371,-0.47672367,-0.50227225,-0.12178318,-0.019908387,-0.9951406,0.6187079216346352,-0.423557504745218,0.22791947884572766,2.478812,-7.9744763,-8.779957,506433.0,16.1,Yu DarvishYu DarvishYu DarvishYu DarvishYu Darvish,Yu Darvish
571578,0.16700566,-0.19480325,-0.80018866,1.3247325,0.8983927,-0.05788094,0.07656492,-0.38816425,-0.097132795,-0.0032952877804700697,-0.7345746267288105,0.8951640489931647,1.4593074,-12.7604065,6.600358,571578.0,15.8,Patrick CorbinPatrick CorbinPatrick CorbinPatrick CorbinPatrick CorbinPatrick Corbin,Patrick Corbin
593372,2.4319003,0.82139146,-0.85803133,-0.5286029,-1.0068032,0.3474042,-0.5596733,0.9213984,0.42466116,1.325238806100135,0.6121414963125751,-0.817737731227453,21.67681,16.639357,-5.523102,593372.0,6.4,Carlos MartinezCarlos Martinez,Carlos Martinez
592836,1.1615616,1.0281701,0.46705654,2.0213034,-0.29128096,-0.21850592,0.091633976,0.12798493,-2.2055128,2.2365716974992402,-1.3023311246525404,0.6296274729291989,21.46242,-5.6274705,-6.8229017,592836.0,2.5,Taijuan Walker,Taijuan Walker
607074,0.109475516,-0.45443168,1.083809,-1.5767838,-0.48535532,0.13912371,0.045597065,-0.7354973,-1.8973422,0.40699971633369897,-0.9683176185715855,-1.5764913912994727,16.147762,-9.131877,-18.920229,607074.0,8.9,Carlos RodonCarlos Rodon,Carlos Rodon
518452,0.005152725,0.7790665,-0.29939526,0.87041354,-0.31826234,-1.5648677,0.51448476,0.3125359,-0.14767091,0.6052506270153051,0.40980901920105084,1.7324907582230293,5.9706507,0.19372016,22.321096,518452.0,2.5,Chad Bettis,Chad Bettis
488768,-1.030647,0.82842803,0.40796083,-1.3688315,-1.2016406,-1.6383423,0.24692021,0.92221147,1.6876643,-0.5401518142318611,2.5287427780581906,0.86954072371511,3.5315933,13.969021,16.31216,488768.0,2.2,Andrew Cashner,Andrew Cashner
518516,0.13507833,0.27701226,-0.32687587,-0.051086787,1.4621247,0.19551535,-0.28542283,-1.2851557,1.468466,-0.2853978074317756,0.5686072423853455,-0.05883538587737723,-5.528963,13.359594,-1.3970156,518516.0,7.6,Madison BumgarnerMadison Bumgarner,Madison Bumgarner
570649,0.5646357,1.0328203,-0.09531729,0.4662503,0.49079877,-0.63424957,1.0484464,0.8485746,1.0315531,0.31594355298374655,0.4756906045480632,1.285834924911009,10.608422,-2.9976504,10.207345,570649.0,1.6,Yordano Ventura,Yordano Ventura
501381,1.4940938,-0.7575584,0.33125484,0.8049204,-1.6416126,-1.1525694,1.1558281,-1.8191324,0.32907882,-0.49480329978559917,0.6725925903782507,-0.24871182432937972,4.840588,24.808657,6.600829,501381.0,3.2,Michael Pineda,Michael Pineda
502042,1.2763524,-0.3690968,-0.66247976,-0.62273574,-0.15991646,1.5169932,1.1648766,0.96684104,-0.77289486,0.11753422936260399,-1.6049365270554001,-1.0015547308871018,-0.31013933,-11.661231,-19.702187,502042.0,7.4,Chris ArcherChris Archer,Chris Archer
500779,-0.33095482,0.80463976,-0.041037455,-2.1061122,-1.1127349,-0.33293435,1.4658432,1.813639,-0.8994789,0.44436517292429994,-0.16504595523114757,0.10679049768262805,21.050974,-20.334948,-1.2565765,500779.0,18.0,Jose QuintanaJose QuintanaJose QuintanaJose QuintanaJose Quintana,Jose Quintana
476451,0.40308297,0.124759965,-0.71847504,0.028231643,-0.094861686,1.4439559,-1.4338313,0.8717598,0.10399135,0.5239024601947758,-0.04857230115640751,-0.8618552634000458,9.173759,1.2430615,-13.263301,476451.0,3.6999999999999997,Jeremy HellicksonJeremy Hellickson,Jeremy Hellickson
608665,0.48254654,0.76401573,-0.12638374,1.8732175,1.342261,0.07814765,0.096488304,0.35386518,-0.84190834,1.2034558697368003,-1.2670032906954172,1.219809212894469,19.993683,-9.888145,11.300179,608665.0,1.9,Kendall Graveman,Kendall Graveman
502043,-1.1651651,0.7115108,-0.21013094,-0.8114932,-0.0869084,-0.75919485,0.79136056,-0.07592721,1.8073392,-0.8020345705140989,1.7102430315528259,0.8472605253133204,2.2041688,14.745265,19.16074,502043.0,10.4,Kyle GibsonKyle GibsonKyle GibsonKyle GibsonKyle Gibson,Kyle Gibson
518633,1.0199281,-0.17430128,-0.38724428,0.32497814,-1.2519376,-0.044833414,-0.9496665,0.07326534,-0.65541774,0.7070813278766606,0.11775918915965387,-0.5394462218109537,16.427588,-0.7573782,-8.447151,518633.0,2.9,Danny Duffy,Danny Duffy
474463,-1.4018928,1.0768661,-0.5300988,1.9588704,-1.5043374,0.87621355,-0.5102768,0.47558153,-0.35677058,0.8419836367183079,0.6448845495536687,0.6532121106119959,16.60833,4.497171,23.471415,474463.0,2.0,Brett Anderson,Brett Anderson
628711,2.127058,1.901074,-1.2091782,0.4248855,0.05944658,0.28445566,0.089086175,-0.5156172,-0.18284547,2.2927109035354314,0.0019673038398927067,-0.027077698550378178,26.937279,-5.748647,3.5050478,628711.0,8.2,Julio UriasJulio Urias,Julio Urias
456501,1.5123826,-0.8313122,-1.0865645,2.1071613,1.5703037,-1.6318723,1.8762579,1.0318404,-1.6371012,0.1296493374983748,-2.8872022079626523,2.766896798050508,6.129002,-20.79446,6.2656426,456501.0,5.4,Johnny CuetoJohnny Cueto,Johnny Cueto
592351,2.5897012,-1.1246115,-0.28559327,-0.67039764,0.49189165,0.30625057,-0.24543397,0.86023927,-1.1385328,0.3819249548295176,-1.8417728062289562,-1.025268308272005,-1.7406247,-18.193775,-15.137667,592351.0,6.0,Jon GrayJon Gray,Jon Gray
573185,-0.2722064,-0.13909885,-0.8764535,-0.11508978,0.7762966,-0.36185113,0.65559447,1.0774896,-1.0192729,0.057915562792910075,-1.3881052576147601,1.1323784383365865,1.321948,-23.847567,3.5761554,573185.0,3.2,Dan StrailyDan Straily,Dan Straily
467100,0.5060006,0.22513862,-0.12678427,-0.31591788,-1.5022379,-0.13333146,0.37161353,-1.5707465,-0.039618127,0.28884628758872627,0.8009005568818636,-0.867169412011419,8.314668,18.338013,-12.310088,467100.0,7.8,Ivan NovaIvan NovaIvan NovaIvan Nova,Ivan Nova
282332,-0.4655092,0.017274331,0.47691178,-0.73644906,0.6203662,1.1066759,-0.064244635,-0.31965685,0.81568515,-0.49332706115318786,0.23955826894078175,-0.9643813980755492,1.978621,5.280541,-19.157587,282332.0,2.6,CC Sabathia,CC Sabathia
573186,0.60420567,-0.7677706,-0.33200637,-0.008297891,1.0325243,-0.54893726,1.0852106,-0.92605066,0.643373,-0.9663911403943322,-0.46959291106039763,0.3945509365609711,-17.058043,-7.24078,4.1119356,573186.0,14.0,Marcus StromanMarcus StromanMarcus StromanMarcus Stroman,Marcus Stroman
592662,-0.14180095,1.7916948,1.4285175,0.73864084,-0.6843917,-0.5214881,2.303985,-0.87790716,0.2673129,0.8029038866404513,0.8233882845034186,0.6335728590667553,9.036808,1.052498,13.828251,592662.0,14.5,Robbie RayRobbie RayRobbie RayRobbie RayRobbie Ray,Robbie Ray
605483,1.7928201,-0.6912424,-0.567891,-0.8082735,1.2345604,-0.010473293,0.8028864,1.6539029,0.953417,-0.6978808489354649,-0.8092871874889801,0.20930502619367505,-9.144523,-12.583843,3.1906621,605483.0,8.8,Blake SnellBlake Snell,Blake Snell
450729,-0.8732291,-0.39200506,1.5149999,-1.3331599,-1.5108896,0.009944458,1.0930345,-1.4583862,-0.019533722,-0.8753111750315827,0.8130464191267245,-1.426172256409056,-13.698276,11.907316,-18.341188,450729.0,0.8,Doug Fister,Doug Fister
592314,-0.5180361,-1.6462408,-1.2179706,-0.16413134,-1.158044,0.48046935,-1.9171804,-1.8066708,-1.0073853,-0.5596398383778827,-0.15278759975123268,-1.3927605549163848,1.3648589,0.37199497,-12.745188,592314.0,3.8,Mike Foltynewicz,Mike Foltynewicz
543243,0.85673344,-0.42684802,0.79920757,0.19532904,-0.92306554,0.5026845,-0.15723668,0.043357994,-1.602005,0.6700562805055986,-0.9621572130729911,-1.0973483164192077,15.779318,-5.2207594,-13.895244,543243.0,12.5,Sonny GraySonny GraySonny Gray,Sonny Gray
570632,-0.3690384,-0.936636,0.16450776,0.52120936,1.7147335,1.1382095,1.5581166,0.13878754,-0.94388175,-0.8023052869890788,-2.4764022684814053,0.15229249844194692,-14.073859,-22.163446,-6.862736,570632.0,1.9,Jose UrenaJose Urena,Jose Urena
429722,1.600383,0.51736885,1.2453644,-1.8710284,-1.2810382,-0.37605023,0.72609663,-2.1117995,-0.13042215,0.7327612342973711,0.8992861626714586,-2.0782517728024206,-0.9882116,11.6736965,-20.953075,429722.0,6.2,Ervin SantanaErvin Santana,Ervin Santana
450306,-1.2099913,0.44740662,-1.0924408,-0.6936996,0.15897982,-1.1279267,-0.3155588,0.51972824,-0.45289418,0.20475619991843125,0.16845056527330687,1.3110119740850248,2.8860645,0.93024284,19.738401,450306.0,1.8,Jason Vargas,Jason Vargas
430935,-0.85641474,-0.41585344,0.46501642,0.36027962,-0.73904413,0.8421116,-0.89152426,1.0542611,0.8574891,-0.7462255036918202,0.8363535037627927,-0.40007404984749,-9.036365,8.774899,3.1127124,430935.0,5.5,Cole HamelsCole Hamels,Cole Hamels
606131,-0.18453747,-1.2768159,0.20743,0.10775209,0.5796812,0.8196205,-0.39205125,-0.32394406,-1.4682469,-0.342627681957339,-1.7407156895726563,-0.7862067443680191,-8.17664,-20.669483,-11.152387,606131.0,1.7,Luis Perdomo,Luis Perdomo
502188,1.2257735,1.572842,-0.31440553,1.43162,-0.0849569,0.7722476,-0.12867728,2.5888338,-0.6925981,2.023732168923748,-0.693639234226759,0.8189634437586285,16.19423,-8.073772,9.361895,502188.0,7.5,Jeff SamardzijaJeff SamardzijaJeff Samardzija,Jeff Samardzija
605242,-1.7687525,0.95725024,-1.0506895,-0.050614323,0.592691,-0.30332375,-1.5493721,1.6794978,-0.22101022,0.6591601633461164,0.3287080235323466,1.4755897037583279,8.0297985,4.241332,23.121254,605242.0,3.6,Michael Fulmer,Michael Fulmer
543101,-0.26789883,-2.8420806,0.43196702,1.0611519,-0.10641061,-0.045219474,0.0014995815,1.0749668,-0.37619504,-2.1845161207919728,-1.3124173913457307,0.2186735077118967,-19.681795,-22.814415,-3.7765448,543101.0,5.6,Anthony DeSclafaniAnthony DeSclafani,Anthony DeSclafani
502190,-0.0190602,-1.4542985,-0.9840958,0.8985111,-0.20992555,-0.47889987,1.3221973,-2.0622823,-0.0847796,-1.3717562750173893,-0.6473609590812766,0.3749454016641355,-22.648413,-6.673936,-2.8267622,502190.0,8.6,Mike LeakeMike LeakeMike LeakeMike Leake,Mike Leake
592791,-0.0069128326,-0.15031785,-0.5815481,-0.54772455,-0.63367313,-0.6235339,-0.9419681,0.07385871,1.7674483,-0.7001812656769641,1.8488750875965339,0.04911901529249318,-2.5570765,18.856012,12.165856,592791.0,6.199999999999999,Jameson TaillonJameson Taillon,Jameson Taillon
453562,-0.8758854,-0.043701235,-0.7957545,0.80188143,-1.9909124,-0.73432344,1.1595126,-0.6630245,0.57090306,-0.7616879699175236,1.1954856351748202,0.8734856975722269,-13.489083,16.38076,18.355272,453562.0,8.0,Jake ArrietaJake ArrietaJake Arrieta,Jake Arrieta
434538,0.04583543,0.29393756,1.5941936,-0.48092577,0.19893041,0.8546093,0.15960976,-0.43232533,-0.58317685,0.4557497009107484,-0.38997178113318864,-1.2634282222609838,10.102167,-10.942942,-18.58588,434538.0,0.5,Francisco Liriano,Francisco Liriano
501957,0.70213896,-0.49824488,0.96115756,-0.66747034,0.73212427,1.0815836,-1.0240914,1.9374336,1.9903738,-0.8777911831708367,0.7153168084895386,-0.964674937139289,-19.713629,16.15883,-1.017328,501957.0,2.5,Chris Tillman,Chris Tillman
461829,-0.73987514,-0.30791923,-1.6431005,-1.0236503,1.3246804,-0.44225445,0.19939488,-1.4914536,0.11184036,-0.608534330222319,-0.40629176800907574,0.4603241820636723,-17.859062,-3.6792538,-0.78480875,461829.0,8.8,Gio GonzalezGio GonzalezGio Gonzalez,Gio Gonzalez
502171,0.6201041,0.120564535,0.8425497,-1.4245826,-0.84693944,-1.7272625,1.4553301,1.7831092,1.155586,-0.6880962033127654,1.1665541559045411,0.7623875786010481,-7.4208884,12.192753,6.9753513,502171.0,2.2,Alex Cobb,Alex Cobb
571666,-1.3246735,0.69372135,0.1860816,-0.4579725,0.5559976,1.5671958,-0.43964687,-2.0411525,1.1372043,-0.20309763881699017,0.981456123483828,-1.2873607648199743,3.015704,24.618952,-12.461738,571666.0,4.6,Mike FiersMike FiersMike Fiers,Mike Fiers
445060,-0.025184907,0.21908657,0.5921253,0.35583723,0.72589076,-0.055072166,0.43092033,-0.64144254,-1.3220989,0.6696575281351256,-1.1658757483824567,0.1035499037031848,10.488172,-15.611826,-5.9034534,445060.0,3.4,Ricky NolascoRicky Nolasco,Ricky Nolasco
592789,-0.18693386,1.9560292,-0.28290004,-0.0069304877,-1.5945501,0.40969613,1.7082347,0.52939636,-0.22943245,1.2288502223383264,0.5957638475478166,0.31844413094226,24.167887,10.302284,3.9705336,592789.0,10.3,Noah SyndergaardNoah Syndergaard,Noah Syndergaard
519076,1.6841987,-1.268784,1.1942517,-0.1252468,-0.9546446,-1.153191,-0.41508344,0.43980452,-1.1602846,0.0655727533001335,-0.5355039655113899,-0.5886156996605262,-1.9240861,-13.409516,-12.75491,519076.0,5.3,Jimmy NelsonJimmy Nelson,Jimmy Nelson
407793,-0.59509385,-1.3946325,-0.7264539,0.2799666,-0.4740643,-0.4011068,2.737949,1.4792948,-0.2856901,-1.8506499616384964,-1.3262520246808167,1.4183726949922006,-5.361679,-22.991121,3.1292918,407793.0,3.5,John LackeyJohn Lackey,John Lackey
592767,-1.4004688,-1.1151632,0.4297558,-0.30401075,-0.6148617,-0.5416434,1.0791745,1.3833075,0.6011269,-1.8961473614317543,0.24360031135549906,0.7978875028301395,-21.70197,5.022938,4.673747,592767.0,1.8,Drew Smyly,Drew Smyly
450308,1.4140263,1.2336231,0.90460426,-1.4484042,1.0933188,-1.3055383,-0.039937783,1.5687021,0.34394446,1.1608324698041839,0.3319084104591782,0.5121579853991056,15.037329,4.3085,7.612523,450308.0,0.1,Jered Weaver,Jered Weaver
446372,1.2127289,-0.2323906,0.23133704,-0.44630572,-0.90051603,-0.881331,0.33873942,-0.6470511,0.7694623,-0.24687652046851172,0.9658226928103185,-0.38533850861227814,3.4448075,21.163189,6.117635,446372.0,20.6,Corey KluberCorey KluberCorey KluberCorey Kluber,Corey Kluber
448802,0.22245777,0.67569685,-0.30791166,-0.78119314,-1.0282458,-1.3237629,-1.0706364,-0.3715298,-0.7556839,1.155106452212741,0.85201511968379,0.06837863870079071,10.811939,17.448605,-2.8337476,448802.0,1.1,Jaime Garcia,Jaime Garcia
608337,0.2316231,0.30447933,0.6357992,1.6360307,0.9900903,-0.17686373,-0.8635954,-1.2083689,0.038532335,0.6144324253646277,0.004974360586874785,0.32233065940975075,6.5553985,0.32774177,-0.5789667,608337.0,12.4,Lucas GiolitoLucas GiolitoLucas GiolitoLucas GiolitoLucas Giolito,Lucas Giolito
605397,0.5969564,-0.47808614,0.95448786,-0.68945396,-0.7306239,-0.6164867,0.25182402,0.11446816,-0.9716014,0.1132651872468836,-0.3495976139347133,-0.5534879264315188,-0.63080704,-11.204886,-13.062786,605397.0,10.0,Joe MusgroveJoe MusgroveJoe Musgrove,Joe Musgrove
434671,-0.56124187,-2.0899932,-0.30393758,0.5602259,-2.2128372,0.4446176,-1.1654234,0.08704399,0.42040387,-1.7229374938777016,0.787474600136739,-0.9166364956979707,-10.222765,24.130196,-13.066975,434671.0,2.4,Anibal Sanchez,Anibal Sanchez
571510,-0.09399564,0.33482456,0.6683872,0.39806727,1.6730057,1.2484204,1.105059,1.9219275,0.5605758,-0.27352390041646885,-1.0674134180835424,0.4747380682191828,-14.66905,-20.185032,7.0445423,571510.0,5.300000000000001,Matthew BoydMatthew BoydMatthew Boyd,Matthew Boyd
542881,-0.08599483,1.171609,-0.2572202,-0.079628766,-0.82179457,-0.7396266,0.962984,-0.4187042,-0.028138086,0.7101697948767932,0.7133132396651038,0.6302674110376664,7.216141,4.950659,14.967899,542881.0,7.9,Tyler AndersonTyler AndersonTyler Anderson,Tyler Anderson
605232,-0.9808525,-0.29621592,-0.36635104,-0.3395894,-1.3083084,1.0820012,0.70113266,-0.51569057,0.44373035,-0.8867115259483385,0.5217600447446483,-0.822567092921715,-13.033206,5.40791,-10.713479,605232.0,0.7,Brandon Finnegan,Brandon Finnegan
605164,0.852007,0.20855215,0.86229527,-0.25381726,-0.2521785,-1.3855816,0.65152144,0.5866664,0.09535467,0.19465664994942897,0.34556165183377907,0.5793742649319974,6.7957587,-2.8297122,10.192466,605164.0,5.9,Dylan BundyDylan BundyDylan Bundy,Dylan Bundy
434628,-0.16488743,-1.604639,0.83949983,0.77360064,0.097543806,0.18812524,-1.5350012,0.16572349,-0.99317896,-0.5149511066813021,-0.8735791513583394,-0.552619748933989,-5.8234076,-16.383934,-7.4927163,434628.0,3.5999999999999996,Jason HammelJason Hammel,Jason Hammel
605200,-0.42921644,1.1314557,0.28525525,0.50173557,1.5185244,0.95055497,-0.15864097,0.41530153,1.6079602,0.1487702817039916,0.6026929932319636,0.3461155070259861,-8.753132,14.429265,2.759537,605200.0,6.6,Zach DaviesZach DaviesZach Davies,Zach Davies
285079,-0.786552,1.0835953,0.4759402,0.13546965,-1.088054,-0.3584142,-1.102564,0.7025651,1.0595146,0.4366744763061212,2.061815592539884,0.29067087063236996,6.140175,11.089796,9.776414,285079.0,2.3,R.A. DickeyR.A. Dickey,R.A. Dickey
547888,1.6486969,-1.0677016,0.5649396,1.2424444,-2.6170783,-1.0724701,0.63679236,0.34759954,0.087344676,-0.4824361705127121,0.680170205278827,-0.011340386797285917,0.69849277,11.778945,-4.1824102,547888.0,10.5,Masahiro TanakaMasahiro TanakaMasahiro Tanaka,Masahiro Tanaka
425844,0.8972617,0.3577742,-1.6318547,0.9214529,0.5092132,-0.40941134,0.6171675,-0.08932368,0.6765481,0.17615484497597492,-0.08822539556059504,1.221264414701443,-11.569987,-11.34186,14.8905735,425844.0,16.3,Zack GreinkeZack GreinkeZack GreinkeZack GreinkeZack Greinke,Zack Greinke
605228,-0.015094205,-0.2841462,1.2585818,0.12750217,-0.04037967,-0.09035488,0.2681081,-0.49095702,-0.7114416,0.025216942251825115,-0.4347916195225698,-0.42830321139368493,12.935753,-13.06036,-13.443566,605228.0,6.3,Jose Fernandez,Jose Fernandez
471911,0.7450954,0.29785827,0.16395248,0.5694146,-0.9177271,-0.7169448,-0.26054937,-0.52617854,-1.4591837,1.2061113355555515,-0.3035141904981039,0.02198867094062052,18.619963,-3.8494136,-6.300827,471911.0,12.100000000000001,Carlos CarrascoCarlos CarrascoCarlos Carrasco,Carlos Carrasco
621219,0.15350932,-0.87856346,-1.4643335,-0.22084393,1.034786,1.404031,-1.4641743,-0.06022548,0.93573064,-0.7214791714369799,-0.2360832663935109,-0.7857954125265356,-22.343786,-0.80299956,-9.229291,621219.0,0.1,Alec Mills,Alec Mills
543037,-0.3843493,0.43703666,-1.4039416,1.2918587,-0.7362369,-2.553689,1.3957365,-0.8477988,-0.49393067,0.1898458952320018,0.2800049018504023,2.6742767156443135,4.528452,-1.0422153,24.78019,543037.0,31.9,Gerrit ColeGerrit ColeGerrit ColeGerrit ColeGerrit ColeGerrit ColeGerrit Cole,Gerrit Cole
544931,-0.26215336,-0.7420412,-1.6111044,-0.1959756,-0.6301544,1.4613603,-0.7630325,0.67961174,2.9126327,-1.764693541592912,1.6838088729864265,-0.6234701727621302,-12.136022,18.2959,0.31707132,544931.0,11.5,Stephen StrasburgStephen Strasburg,Stephen Strasburg
594798,-1.4532727,1.567652,-0.039906207,-0.7817623,-1.2636896,-1.835115,0.40530258,-0.17771775,0.26668215,0.5625996591413298,1.9236473864477828,1.2841082727446642,6.1551933,11.15721,16.704441,594798.0,22.6,Jacob deGromJacob deGromJacob deGromJacob deGrom,Jacob deGrom
456701,0.45692942,-0.21543582,0.7998698,-0.10944493,0.41323853,-0.04895042,0.15020816,-1.371915,-1.6065085,0.6445441244927312,-1.2059985114280969,-0.7319822293104117,9.220373,-13.878889,-12.946977,456701.0,2.9,Homer Bailey,Homer Bailey
572971,0.6157228,-3.1939595,-0.7172547,-0.8477346,1.4717435,1.0850232,0.07336432,0.8572568,1.4440408,-3.103883481021249,-1.2654815184570682,-0.8836956386886136,-23.822104,-9.208641,-11.7203045,572971.0,8.1,Dallas KeuchelDallas KeuchelDallas KeuchelDallas Keuchel,Dallas Keuchel
543135,-1.3139229,-0.53249776,0.014750517,1.3659029,3.072603,-0.47646514,0.37249342,-0.8853454,0.03522302,-0.865628374814653,-1.3898111912190216,1.7643660391388805,1.03747,-12.2232685,27.156132,543135.0,5.7,Nathan Eovaldi,Nathan Eovaldi
621107,0.14474367,0.26132473,0.27178684,-0.2134886,0.7295806,0.969182,-0.05031061,1.5311154,0.20257732,0.14593057418208885,-0.4932624115419028,-0.16722125568715013,-5.1159124,-4.6804705,-2.0304015,621107.0,6.3,Zach EflinZach Eflin,Zach Eflin
621121,1.0377802,0.3939686,2.0646327,-1.4895366,0.14538468,0.8792609,-0.49539348,0.070592634,0.43613216,0.4868998529938516,0.49220318017772285,-2.0887493093336142,10.351154,-7.440491,-21.1657,621121.0,3.2,Lance McCullers Jr.,Lance McCullers Jr.
605400,-2.2934837,0.5390905,-0.2765864,-0.8466029,0.042727046,-1.3566401,-0.8754936,0.8783084,0.8087733,-0.48665905129193077,1.5465794024428159,1.4626205951108702,-0.46607238,9.877947,18.455444,605400.0,30.0,Aaron NolaAaron NolaAaron NolaAaron NolaAaron NolaAaron NolaAaron Nola,Aaron Nola
547943,0.81820744,-0.24293451,0.24877942,1.9661894,-0.6339986,0.5284024,0.49143752,-1.9084105,-0.9724971,0.5178639250443962,-0.752791075016326,-0.4957523088420469,10.0403185,-19.001053,-4.3768897,547943.0,9.3,Hyun-Jin RyuHyun-Jin RyuHyun-Jin Ryu,Hyun-Jin Ryu
605135,-1.573454,-0.7067134,-0.9100693,0.08615711,-0.12757523,0.785103,0.97975665,0.4673978,-0.82384074,-0.9215969649217778,-1.1780491929418369,0.4206071097797014,-14.622061,-7.887145,-7.8295374,605135.0,6.7,Chris BassittChris BassittChris Bassitt,Chris Bassitt
450203,0.6142085,0.68098474,-0.3247949,0.17173608,0.047753993,0.77899534,-0.25591242,0.75556487,0.78337663,0.4668203027209752,0.40182166259831803,-0.18323751602592656,12.824644,-0.8876814,6.463582,450203.0,17.5,Charlie MortonCharlie MortonCharlie MortonCharlie MortonCharlie Morton,Charlie Morton
571760,-0.37795255,0.3822495,-0.2755843,-0.31515437,1.4465426,1.5258162,-1.673924,-0.18358041,-0.62888557,0.8606276886537482,-0.8191264183246368,-0.9240859247260446,10.066283,-1.6497827,-9.293516,571760.0,4.4,Andrew HeaneyAndrew Heaney,Andrew Heaney
656756,1.7287695,-0.48458865,-0.67012227,-0.12601164,-1.1356977,1.3197001,0.6760297,0.85923964,-0.5874186,0.23163611865261569,-0.9723056887868612,-1.1823585488549297,0.1950679,-12.119422,-21.425688,656756.0,7.0,Jordan MontgomeryJordan Montgomery,Jordan Montgomery
601713,-0.68695855,-0.8967991,1.4286726,0.6055797,-0.59575325,-0.30423272,0.35698646,-1.3547161,0.52835697,-1.1923004343834187,0.6711243448114461,-0.39087237668515223,-4.170214,22.326881,0.50039184,601713.0,4.3,Nick PivettaNick Pivetta,Nick Pivetta
623167,0.5868051,-0.7591458,0.52174914,-0.38435823,0.18790357,-0.13358574,1.0071615,-0.5670634,1.804835,-1.4705916735286138,0.7302055177820694,-0.37945971965482833,-12.230401,14.723319,-6.349348,623167.0,3.0,Chris Flexen,Chris Flexen
645261,-1.9337349,-0.041290265,-2.1911306,3.039391,-0.4569729,2.3231435,1.9333779,1.7635186,-1.0900953,-0.4405087497918271,-2.1286894952753674,1.7694346056729726,-7.5086794,-24.622293,12.5937,645261.0,15.299999999999999,Sandy AlcantaraSandy AlcantaraSandy AlcantaraSandy Alcantara,Sandy Alcantara
656427,-0.12635538,0.88468915,1.5556239,0.8129468,0.93283707,-0.9639395,0.82739556,0.95049036,-1.6355965,1.2019577334383185,-1.2420405075703673,1.3292177029864811,13.271042,-16.968628,13.8559675,656427.0,4.7,Jack Flaherty,Jack Flaherty
621111,0.64100736,-1.2228792,0.17399386,0.7683594,-1.2435452,-0.645384,0.3720966,0.4216643,-1.7451698,-0.08975527002633645,-1.1825098167158858,0.1453552138466541,-1.396364,-19.383198,-1.4389071,621111.0,10.6,Walker BuehlerWalker Buehler,Walker Buehler
622608,-0.19820288,2.4723341,0.3751985,0.14593758,1.9660726,0.9333616,1.150053,-1.8258079,-1.3068126,2.2822178720491406,-1.2403953782130963,-0.009358582720323888,23.62121,-10.542756,1.0456976,622608.0,1.1,Antonio Senzatela,Antonio Senzatela
607536,1.1598766,-0.6350628,-0.84014237,-0.9342673,0.033918094,0.114218324,1.0458866,-0.033842027,-2.1110752,0.46081745862281503,-2.185914604068693,-0.4877655769668996,0.8894264,-21.82987,-15.366843,607536.0,7.6,Kyle FreelandKyle FreelandKyle Freeland,Kyle Freeland
608331,1.4997435,0.24943824,0.05327888,-1.3768926,-1.6605816,0.9028059,-1.4380805,-1.4615,-1.9976076,1.8422120443833072,-0.26524891974264997,-2.7693081449716104,18.66473,-3.8043578,-20.356405,608331.0,11.7,Max FriedMax FriedMax Fried,Max Fried
501985,1.3183613,-0.6121859,-0.76886094,-0.042607125,0.21554768,-0.3746769,-0.2214138,-0.68258446,-0.01576627,-0.02442651439285376,-0.347805189195857,-0.20375353585575195,-12.451976,-7.690148,2.1408079,501985.0,4.1,Mike Minor,Mike Minor
596001,0.7813173,2.8495457,0.61294943,0.9699244,-2.17129,0.069424026,0.32430622,0.8002117,0.5353557,2.2942239821885715,2.02194465409816,0.22508973772897986,20.68269,9.46166,17.952711,596001.0,3.0,Jakob JunisJakob Junis,Jakob Junis
594835,-1.3613378,1.1203414,1.7828206,-0.25108987,-1.1255989,-0.28838682,-1.0643762,0.10599978,-2.4263675,1.78230280065705,-0.018419952590560458,-0.42736777275925475,28.958727,2.8807259,-5.924852,594835.0,9.0,Marco GonzalesMarco GonzalesMarco GonzalesMarco Gonzales,Marco Gonzales
458681,0.5535724,0.70289916,1.0116794,-1.0721099,-0.60487366,0.40739828,0.6931517,-0.83156955,1.7363693,-0.2147088489314467,1.6509778479610067,-1.2573633213211228,-6.6664457,17.94451,-17.7852,458681.0,10.0,Lance LynnLance LynnLance LynnLance Lynn,Lance Lynn
605540,-0.63563484,0.1188998,-0.70631737,-0.64699626,0.46017608,-0.23834419,2.4980657,0.55339104,0.85524344,-1.1116271291698607,-0.22519917111827492,1.1314078717317755,-22.0434,-1.7782344,8.744425,605540.0,6.7,Brandon WoodruffBrandon Woodruff,Brandon Woodruff
656794,-0.07350812,-1.2286761,0.83263016,-0.43040267,0.6456502,-0.92009145,-0.91167843,1.731879,1.4457818,-1.5021669845964607,0.690724363521333,0.4972322326634619,-17.26655,13.820198,6.536688,656794.0,1.9,Sean Newcomb,Sean Newcomb
659275,-0.296553,-0.10509926,-0.10236441,0.103974804,-0.87215424,2.0106974,-0.4625325,-1.0449871,0.016108088,-0.01791152729742474,0.14709338361416868,-1.7827041707943874,-2.0413268,5.8579555,-16.769077,659275.0,2.5,Dinelson Lamet,Dinelson Lamet
641816,0.50084716,-1.1174831,0.15397853,1.596688,1.1603189,-0.20891263,0.30995405,-1.8161848,-1.3970665,-0.10248617896922682,-1.8865945903806216,0.22348258764605422,3.2348866,-14.704077,-3.285751,641816.0,3.9,Tyler Mahle,Tyler Mahle
622491,0.64801157,0.75756204,-1.0537721,0.54999685,0.6321376,-0.06678491,0.8197192,0.44753453,-0.54223603,0.8753785924870935,-0.9274152042745405,0.9982180247911703,9.478046,-15.489905,7.46147,622491.0,16.0,Luis CastilloLuis CastilloLuis CastilloLuis CastilloLuis Castillo,Luis Castillo
593423,0.23318446,0.48092625,0.9314289,-0.118602216,1.8832814,0.6226159,0.20598054,-1.5163964,-0.96439004,0.849673809716082,-1.3195828657577124,-0.6721674572301508,10.365144,-13.48358,-9.978868,593423.0,4.0,Frankie Montas,Frankie Montas
554430,2.5996752,0.325919,-1.928229,0.40513286,0.26554465,-0.8558813,-1.4828216,0.3403838,-0.50267684,1.6415520007369664,-0.3792990106083795,0.48416981853422036,21.327103,0.6969325,9.6069765,554430.0,23.8,Zack WheelerZack WheelerZack WheelerZack WheelerZack Wheeler,Zack Wheeler
641712,-0.6793205,0.15013386,-0.24528225,-0.50405484,-1.1847558,0.25203174,0.115774445,-1.2090114,-1.1269283,0.38232097507250395,-0.02855999051613126,-0.7390521459711802,2.1633284,4.1598744,-13.09493,641712.0,0.9,Dakota Hudson,Dakota Hudson
664192,0.64561176,0.70895153,0.85195535,0.68731046,1.3802546,0.14226905,-0.3437983,0.639204,1.7787919,0.1020847729622204,0.7680273760311553,0.39770554369268146,-7.719181,15.31588,1.8625824,664192.0,2.1,Joey Lucchesi,Joey Lucchesi
571945,-0.8195704,-1.0716933,0.9504422,-0.6956265,-0.015505179,0.931676,-0.7693684,-1.4647874,-0.9215327,-0.538313316313539,-0.566941463280361,-1.7589620844720955,-3.5697403,3.5892494,-20.573608,571945.0,12.6,Miles MikolasMiles MikolasMiles MikolasMiles Mikolas,Miles Mikolas
669203,-1.1678574,-0.8841418,0.59411937,-1.0246404,0.63742226,0.57669735,0.684869,-0.4912729,1.5724803,-1.9648318773402063,0.5224073389334954,-0.5997528267167102,-15.596045,12.108352,-5.185699,669203.0,15.5,Corbin BurnesCorbin BurnesCorbin Burnes,Corbin Burnes
664285,-1.4646525,-1.3343464,-1.1689756,-0.61988777,0.8843093,1.1750236,-0.84388345,0.6473955,-0.9555349,-0.9519120047453036,-1.5465469570920776,-0.2724443893302127,-14.103618,-9.502337,-11.428664,664285.0,10.7,Framber ValdezFramber ValdezFramber Valdez,Framber Valdez
669456,0.49586028,0.46149018,-0.06813659,0.11170064,0.20535617,0.29004955,0.12590872,0.9614988,-0.5287361,0.7171282238838416,-0.6130021617639162,0.16859780170650593,8.739843,-10.953064,4.108562,669456.0,13.4,Shane BieberShane BieberShane Bieber,Shane Bieber
657140,-0.19833888,0.5642846,-0.56228364,0.54984987,-1.702684,-1.1823177,1.1525189,-0.58521104,-0.27612773,0.2854477641337385,0.7451468066270998,0.968373037376931,5.4695024,3.672615,13.71831,657140.0,2.9,Kyle Wright,Kyle Wright
642547,0.6681409,-0.3497942,-0.291204,0.40196607,-1.1655927,-1.1042981,-0.5974033,1.482685,0.8170884,-0.3012114827742379,1.0839414041118227,0.7738759087969465,-8.9368,11.6483965,15.088376,642547.0,3.0,Freddy Peralta,Freddy Peralta
641745,-0.18684876,-0.30730847,-0.26738024,0.0589627,1.035767,-1.2178833,-0.81057465,0.11277183,-0.81968296,0.2253119989175642,-0.6473741370358561,1.0041756085174438,2.1429222,-14.755338,12.130469,641745.0,2.2,Brad Keller,Brad Keller
660271,1.17685,-0.6376644,-1.0876019,0.058380533,-0.6220093,0.70422775,0.049250215,0.80237156,-1.8163997,0.622915773107542,-1.7643325301878467,-0.5016947640198638,0.33514595,-22.446083,-11.5928135,660271.0,5.6,Shohei Ohtani,Shohei Ohtani
641154,0.50344986,-0.31540763,-0.97837186,1.126788,0.88732946,-0.0038519357,-1.3488004,0.8522075,-0.30306324,0.39515530593815795,-0.7286773413219928,0.768725047641081,-2.3147352,-17.550373,8.682673,641154.0,7.4,Pablo LopezPablo Lopez,Pablo Lopez
647336,0.15416893,0.32273507,0.58324116,-0.8899746,0.16958281,0.5905922,-0.6872108,1.0240022,0.61484504,0.1411081916281551,0.49372490753304704,-0.7063423908227245,4.122608,9.311406,-4.171824,647336.0,4.0,Mike Soroka,Mike Soroka
657277,2.4748552,1.8252205,0.4904357,0.09207357,0.66462296,-0.15272906,0.25333908,0.9031128,1.9028494,1.3354412112988958,1.2032371696894104,0.14837262799516054,10.018176,17.62667,11.23437,657277.0,9.100000000000001,Logan WebbLogan Webb,Logan Webb
666200,1.8339485,0.02455998,-0.09773142,-0.8645632,-0.69392675,0.7240083,-0.2738917,0.079517074,0.9320426,0.20607815080774308,0.6682184481986937,-1.4978169679315658,-0.5480086,14.778583,-13.954039,666200.0,3.7,Jesus Luzardo,Jesus Luzardo
608344,1.0335268,-0.23839638,0.13749336,-0.16462588,1.0589181,0.6248772,0.95427716,0.25052583,-0.7928894,0.22893894070601986,-1.6836508229417853,-0.32819061334159083,2.1064382,-13.916231,-16.070623,608344.0,3.4,Cole IrvinCole Irvin,Cole Irvin
664353,0.5437441,1.0025265,0.8054146,0.4677358,-0.18923579,0.37293023,-0.02065506,-0.6759161,0.85973424,0.6563344130521483,0.9940998307741061,-0.49048247533254535,13.063195,12.113774,-1.7457508,664353.0,1.0,Jose Urquidy,Jose Urquidy
650644,0.13379547,-0.4002397,0.6030301,-0.12418586,0.20844924,0.22032356,0.53334224,0.9875339,-0.42536262,-0.25015631411107375,-0.7936278722238468,-0.03948739514129176,-3.6904552,-8.418558,0.5504899,650644.0,1.2,Aaron Civale,Aaron Civale
579328,-0.4055495,0.48768902,0.6718313,-0.7655414,-1.7255493,0.40795192,0.6891277,-2.7595186,0.88557595,-0.25078677066145,1.8045080410543308,-1.6612061221044063,7.499191,21.757053,-15.905323,579328.0,2.6,Yusei Kikuchi,Yusei Kikuchi
518876,-1.0804758,-0.5225024,-0.8250498,0.3895636,-1.0680627,0.7963025,-0.2352942,-0.5565886,-0.103050016,-0.6031067147169286,0.19314079653033916,-0.36260887348361415,-14.074264,-2.2227356,-10.366967,518876.0,8.3,Merrill KellyMerrill KellyMerrill Kelly,Merrill Kelly
656605,0.75795186,0.36851767,-1.304892,0.4305856,2.007699,-0.07248436,0.33546138,-0.0055702226,1.6933717,-0.2672891994653849,0.009522823033342955,1.10708524774781,-11.575649,-11.527143,12.32376,656605.0,3.3,Mitch Keller,Mitch Keller
615698,-0.7708445,-1.7064945,1.5877991,1.3596994,0.8802432,-0.10271255,0.80157375,0.3634202,-0.19736564,-1.6630878555366913,-1.203222051548388,0.5802481658161324,-15.085251,-20.198963,-1.8825566,615698.0,2.0,Cal Quantrill,Cal Quantrill
656302,0.7033411,-1.8559265,0.010768059,-0.23943095,-0.38486195,0.3125199,-0.8167324,-0.7950238,1.561371,-1.7641273196657834,0.7881670548058721,-1.2750706112189851,-9.4255295,18.654997,-7.1804256,656302.0,12.600000000000001,Dylan CeaseDylan CeaseDylan Cease,Dylan Cease
668678,2.7592516,0.4000944,-1.3221823,0.1223346,-0.26005274,-0.8912448,-0.006693891,0.044893164,1.467596,0.5367110816286751,0.954529100078344,0.31939944230468587,7.0013795,22.1266,9.817033,668678.0,10.8,Zac GallenZac GallenZac Gallen,Zac Gallen
663903,1.5107623,-1.5754603,0.28634626,-0.56458664,0.47115737,0.43107995,-0.8672052,-0.39881533,0.42133948,-0.8128662187993552,-0.41279504725496524,-1.4673675374614723,-10.936721,-7.450945,-19.388227,663903.0,1.0,Brady Singer,Brady Singer
663474,1.796606,-0.7043447,-0.7160482,0.7494247,0.71345675,1.2051578,0.30636045,-1.6817137,-1.3400054,0.5753560951249409,-2.069317260080294,-1.1576707255836363,4.1045465,-21.260733,-13.616185,663474.0,3.4,Triston McKenzie,Triston McKenzie
641540,1.3266275,-0.53448117,-0.89992756,-0.013258847,0.79264206,-1.1611238,-0.04147529,0.465374,-2.1910486,0.9098649873978486,-2.1023442190552677,0.826572992642119,4.3306727,-27.11482,-3.2141185,641540.0,2.1,Dane Dunning,Dane Dunning
664299,0.5667461,0.6640823,0.52678335,-1.1386038,0.7713106,-1.6420431,-0.9002566,1.175417,-0.2768883,0.9368754885339298,0.27256907568015476,0.7245086008987761,14.878848,3.127342,7.5660048,664299.0,1.9,Cristian Javier,Cristian Javier
665152,-0.023291383,1.3986813,0.068493,0.6164084,1.6956095,3.0869312,0.042127177,0.24826999,1.5939857,0.4810076202407015,-0.05348419799189347,-0.9603096308981723,6.829741,4.9724255,-16.772516,665152.0,1.5,Dean Kremer,Dean Kremer
670912,-1.1763216,-0.7217723,-0.5385065,1.9351397,0.6860078,1.4007747,-1.631553,-0.090991795,0.017078426,-0.44124209477451554,-0.5019975780625947,0.09198408415626709,-0.58776194,-0.18655497,-3.1216176,670912.0,1.8,Johan Oviedo,Johan Oviedo
675911,0.5345813,1.1510161,0.9213728,-0.17370307,-1.7414861,-0.3253049,-0.6534153,1.4054166,-1.1268171,1.710601052464943,0.5527580680315618,-0.28843014124282673,19.766233,-1.4673735,-0.7640507,675911.0,5.5,Spencer Strider,Spencer Strider
666201,-1.4461704,-1.3681015,-1.7350023,-0.68963546,-0.78713834,0.86221224,0.04477563,-1.7782946,0.14752737,-1.6121927312518514,0.03750040727215439,-0.8473140973471404,-16.796495,-1.4103703,-8.053103,666201.0,4.1,Alek Manoah,Alek Manoah
663556,-0.968486,1.0604197,0.715503,-0.77714014,0.43126777,1.1655191,0.417346,-0.79580337,0.3485784,0.2953260746341409,0.3684342865226969,-0.8707083550216815,3.8182702,6.741249,-18.706816,663556.0,3.5,Shane McClanahan,Shane McClanahan
657006,-1.0760212,-0.44416428,-1.4310803,0.85491055,0.57835585,-0.57417804,0.57835907,2.229821,-0.3749912,-0.6650220661596096,-1.055091874784551,2.3163955622644843,1.5810153,-14.15091,19.08855,657006.0,4.9,Justin Steele,Justin Steele
669302,-0.13671134,-0.2980632,-1.0161748,2.000161,-0.8006159,-1.3561592,0.7885364,0.55839926,2.5193896,-1.468841094950133,1.7935071305982446,2.236580528918426,-16.160845,13.07998,20.912886,669302.0,6.300000000000001,Logan GilbertLogan Gilbert,Logan Gilbert
680694,-0.6869041,-0.28564474,0.8006479,-0.17261948,-0.5019744,2.3845015,0.97198033,-0.10481888,0.21133822,-0.7427954698157689,-0.3787250383975915,-1.663862965216048,-12.003332,4.9797106,-13.820138,680694.0,3.8,Kyle Bradish,Kyle Bradish
676664,0.5569136,0.8463539,-0.26273802,-0.6661354,-0.5249956,0.88778204,1.0064368,1.5835226,0.7237941,0.25085247077194905,0.28751757221889507,-0.22156244359421579,2.6032822,-3.01553,-18.342733,676664.0,0.6,JP Sears,JP Sears
669923,0.32547837,-1.0297372,0.69612163,1.0155087,-1.1066028,-0.24112232,1.1286447,-1.2561823,2.1626217,-1.8558385607340915,1.4951604662665208,-0.2327631855797054,-10.8091135,21.678818,13.1133795,669923.0,4.4,George Kirby,George Kirby
693821,-1.1141942,-0.27733886,0.49552047,1.5446695,0.5660614,0.14813687,0.6928607,0.118161425,0.017724667,-0.6547403073397461,-0.513768721512846,1.0043424268084775,-5.106831,-9.986741,25.882872,693821.0,1.8,Bryce Elder,Bryce Elder
673540,-0.9228717,1.5139725,0.18952726,0.09188943,0.81517386,0.13596147,2.158622,-0.42778367,0.96783584,0.02450338465999019,0.3650711638944589,0.9822333563544982,-2.8832488,-4.218031,21.388647,673540.0,3.4,Kodai Senga,Kodai Senga
